mosq_No,mosq_species,Treatment,dpi,part,Body,Head,PCLPV_copies,GMV_copies,ATV_copies,AANV_copies,ZIKV_copies,GCTLV_copies,WSLV3_copies,WNV_copies,group(plaque/qPCR+1000) ,group(plaque/qPCR+0) ,group(plaque/qPCR+1000/body+1000) ,group(plaque/qPCR+0/body+0) ,Info1,plaque_assay,head_ZIKV+1000,body_ZIKV+1000
AMT-7dpi-1,Ae_aegypti,AA-ZIKV,7dpi,body,GIM-21,GIM-1,1151,11803,0,0,35313,,,,,,,,AA-7dpi-ZIKV,AA-ZIKV(-),,AA-7dpi-ZIKV(+)
AMT-7dpi-2,Ae_aegypti,AA-ZIKV,7dpi,body,GIM-22,GIM-2,6771182,100690,0,865497,159634,,,,AA-7dpi-ZIKV(-/-),AA-7dpi-ZIKV(-/-),AA-7dpi-ZIKV(-/-/+),AA-7dpi-ZIKV(-/-/+),AA-7dpi-ZIKV,AA-ZIKV(-),AA-7dpi-ZIKV(-),AA-7dpi-ZIKV(+)
AMT-7dpi-3,Ae_aegypti,AA-ZIKV,7dpi,body,GIM-23,GIM-3,19131163,75323,0,1243493,181666,,,,AA-7dpi-ZIKV(-/+),AA-7dpi-ZIKV(-/+),AA-7dpi-ZIKV(-/+/+),AA-7dpi-ZIKV(-/+/+),AA-7dpi-ZIKV,AA-ZIKV(-),AA-7dpi-ZIKV(+),AA-7dpi-ZIKV(+)
AMT-7dpi-4,Ae_aegypti,AA-ZIKV,7dpi,body,GIM-24,GIM-4,12847,89560,0,0,22262,,,,AA-7dpi-ZIKV(-/-),AA-7dpi-ZIKV(-/+),AA-7dpi-ZIKV(-/-/+),AA-7dpi-ZIKV(-/+/+),AA-7dpi-ZIKV,AA-ZIKV(-),AA-7dpi-ZIKV(-),AA-7dpi-ZIKV(+)
AMT-7dpi-5,Ae_aegypti,AA-ZIKV,7dpi,body,GIM-25,GIM-5,1152,27937,0,645854,148305,,,,AA-7dpi-ZIKV(-/-),AA-7dpi-ZIKV(-/-),AA-7dpi-ZIKV(-/-/+),AA-7dpi-ZIKV(-/-/+),AA-7dpi-ZIKV,AA-ZIKV(-),AA-7dpi-ZIKV(-),AA-7dpi-ZIKV(+)
AMT-7dpi-6,Ae_aegypti,AA-ZIKV,7dpi,body,GIM-26,GIM-6,1189,42447,0,0,119431,,,,AA-7dpi-ZIKV(-/-),AA-7dpi-ZIKV(-/+),AA-7dpi-ZIKV(-/-/+),AA-7dpi-ZIKV(-/+/+),AA-7dpi-ZIKV,AA-ZIKV(-),AA-7dpi-ZIKV(-),AA-7dpi-ZIKV(+)
AMT-7dpi-7,Ae_aegypti,AA-ZIKV,7dpi,body,GIM-27,GIM-7,85661,31578688,0,470681,0,,,,AA-7dpi-ZIKV(-/-),AA-7dpi-ZIKV(-/-),AA-7dpi-ZIKV(-/-/-),AA-7dpi-ZIKV(-/-/-),AA-7dpi-ZIKV,AA-ZIKV(-),AA-7dpi-ZIKV(-),AA-7dpi-ZIKV(-)
AMT-7dpi-8,Ae_aegypti,AA-ZIKV,7dpi,body,GIM-28,GIM-8,5262949,108857143,0,0,37796,,,,AA-7dpi-ZIKV(-/+),AA-7dpi-ZIKV(-/+),AA-7dpi-ZIKV(-/+/+),AA-7dpi-ZIKV(-/+/+),AA-7dpi-ZIKV,AA-ZIKV(-),AA-7dpi-ZIKV(+),AA-7dpi-ZIKV(+)
AMT-7dpi-9,Ae_aegypti,AA-ZIKV,7dpi,body,GIM-29,GIM-9,799,14845,0,0,66757,,,,AA-7dpi-ZIKV(-/-),AA-7dpi-ZIKV(-/-),AA-7dpi-ZIKV(-/-/+),AA-7dpi-ZIKV(-/-/+),AA-7dpi-ZIKV,AA-ZIKV(-),AA-7dpi-ZIKV(-),AA-7dpi-ZIKV(+)
AMT-7dpi-10,Ae_aegypti,AA-ZIKV,7dpi,body,GIM-30,GIM-10,298,4880,0,481678,0,,,,AA-7dpi-ZIKV(-/-),AA-7dpi-ZIKV(-/-),AA-7dpi-ZIKV(-/-/-),AA-7dpi-ZIKV(-/-/-),AA-7dpi-ZIKV,AA-ZIKV(-),AA-7dpi-ZIKV(-),AA-7dpi-ZIKV(-)
AMT-7dpi-11,Ae_aegypti,AA-ZIKV,7dpi,body,GIM-31,GIM-11,744,14165,443,0,0,,,,AA-7dpi-ZIKV(-/-),AA-7dpi-ZIKV(-/-),AA-7dpi-ZIKV(-/-/-),AA-7dpi-ZIKV(-/-/-),AA-7dpi-ZIKV,AA-ZIKV(-),AA-7dpi-ZIKV(-),AA-7dpi-ZIKV(-)
AMT-7dpi-12,Ae_aegypti,AA-ZIKV,7dpi,body,GIM-32,GIM-12,681,7542,0,0,0,,,,AA-7dpi-ZIKV(-/-),AA-7dpi-ZIKV(-/-),AA-7dpi-ZIKV(-/-/-),AA-7dpi-ZIKV(-/-/-),AA-7dpi-ZIKV,AA-ZIKV(-),AA-7dpi-ZIKV(-),AA-7dpi-ZIKV(-)
AMT-7dpi-13,Ae_aegypti,AA-ZIKV,7dpi,body,GIM-33,GIM-13,27119,153001,0,425345,44934,,,,AA-7dpi-ZIKV(-/-),AA-7dpi-ZIKV(-/-),AA-7dpi-ZIKV(-/-/+),AA-7dpi-ZIKV(-/-/+),AA-7dpi-ZIKV,AA-ZIKV(-),AA-7dpi-ZIKV(-),AA-7dpi-ZIKV(+)
AMT-7dpi-14,Ae_aegypti,AA-ZIKV,7dpi,body,GIM-34,GIM-14,9464368,41190,797,0,42793,,,,AA-7dpi-ZIKV(-/-),AA-7dpi-ZIKV(-/-),AA-7dpi-ZIKV(-/-/+),AA-7dpi-ZIKV(-/-/+),AA-7dpi-ZIKV,AA-ZIKV(-),AA-7dpi-ZIKV(-),AA-7dpi-ZIKV(+)
AMT-7dpi-15,Ae_aegypti,AA-ZIKV,7dpi,body,GIM-35,GIM-15,6616,162571429,437,5781,396,,,,AA-7dpi-ZIKV(-/-),AA-7dpi-ZIKV(-/+),AA-7dpi-ZIKV(-/-/-),AA-7dpi-ZIKV(-/+/+),AA-7dpi-ZIKV,AA-ZIKV(-),AA-7dpi-ZIKV(-),AA-7dpi-ZIKV(+)
AMT-7dpi-16,Ae_aegypti,AA-ZIKV,7dpi,body,GIM-36,GIM-16,6874161,108571429,2083,0,0,,,,AA-7dpi-ZIKV(-/-),AA-7dpi-ZIKV(-/-),AA-7dpi-ZIKV(-/-/-),AA-7dpi-ZIKV(-/-/-),AA-7dpi-ZIKV,AA-ZIKV(-),AA-7dpi-ZIKV(-),AA-7dpi-ZIKV(-)
AMT-7dpi-17,Ae_aegypti,AA-ZIKV,7dpi,body,GIM-37,GIM-17,303,5733,0,0,0,,,,AA-7dpi-ZIKV(-/-),AA-7dpi-ZIKV(-/-),AA-7dpi-ZIKV(-/-/-),AA-7dpi-ZIKV(-/-/-),AA-7dpi-ZIKV,AA-ZIKV(-),AA-7dpi-ZIKV(-),AA-7dpi-ZIKV(-)
AMT-7dpi-18,Ae_aegypti,AA-ZIKV,7dpi,body,GIM-38,GIM-18,129839,403149,283,604939,1320,,,,AA-7dpi-ZIKV(-/-),AA-7dpi-ZIKV(-/-),AA-7dpi-ZIKV(-/-/+),AA-7dpi-ZIKV(-/-/+),AA-7dpi-ZIKV,AA-ZIKV(-),AA-7dpi-ZIKV(-),AA-7dpi-ZIKV(+)
AMT-7dpi-19,Ae_aegypti,AA-ZIKV,7dpi,body,GIM-39,GIM-19,1275,145428571,0,432370,501702,,,,AA-7dpi-ZIKV(-/+),AA-7dpi-ZIKV(-/+),AA-7dpi-ZIKV(-/+/+),AA-7dpi-ZIKV(-/+/+),AA-7dpi-ZIKV,AA-ZIKV(-),AA-7dpi-ZIKV(+),AA-7dpi-ZIKV(+)
AMT-7dpi-20,Ae_aegypti,AA-ZIKV,7dpi,body,GIM-40,GIM-20,602,148571429,0,0,0,,,,AA-7dpi-ZIKV(-/-),AA-7dpi-ZIKV(-/-),AA-7dpi-ZIKV(-/-/-),AA-7dpi-ZIKV(-/-/-),AA-7dpi-ZIKV,AA-ZIKV(-),AA-7dpi-ZIKV(-),AA-7dpi-ZIKV(-)
AMT-7dpi-22,Ae_aegypti,AA-ZIKV,7dpi,body,GIM-572,GIM-556,6394,54350,0,759479,0,,,,AA-7dpi-ZIKV(-/-),AA-7dpi-ZIKV(-/-),AA-7dpi-ZIKV(-/-/-),AA-7dpi-ZIKV(-/-/-),AA-7dpi-ZIKV,AA-ZIKV(-),AA-7dpi-ZIKV(-),AA-7dpi-ZIKV(-)
AMT-7dpi-23,Ae_aegypti,AA-ZIKV,7dpi,body,GIM-573,GIM-557,11071,104509,0,0,0,,,,AA-7dpi-ZIKV(-/-),AA-7dpi-ZIKV(-/-),AA-7dpi-ZIKV(-/-/-),AA-7dpi-ZIKV(-/-/-),AA-7dpi-ZIKV,AA-ZIKV(-),AA-7dpi-ZIKV(-),AA-7dpi-ZIKV(-)
AMT-7dpi-24,Ae_aegypti,AA-ZIKV,7dpi,body,GIM-574,GIM-558,8755901,6706,0,0,0,,,,AA-7dpi-ZIKV(-/-),AA-7dpi-ZIKV(-/-),AA-7dpi-ZIKV(-/-/-),AA-7dpi-ZIKV(-/-/-),AA-7dpi-ZIKV,AA-ZIKV(-),AA-7dpi-ZIKV(-),AA-7dpi-ZIKV(-)
AMT-7dpi-25,Ae_aegypti,AA-ZIKV,7dpi,body,GIM-575,GIM-559,1230,24524,0,0,36961,,,,AA-7dpi-ZIKV(-/-),AA-7dpi-ZIKV(-/+),AA-7dpi-ZIKV(-/-/+),AA-7dpi-ZIKV(-/+/+),AA-7dpi-ZIKV,AA-ZIKV(-),AA-7dpi-ZIKV(-),AA-7dpi-ZIKV(+)
AMT-7dpi-26,Ae_aegypti,AA-ZIKV,7dpi,body,GIM-576,GIM-560,123525,107312,912,0,0,,,,AA-7dpi-ZIKV(-/-),AA-7dpi-ZIKV(-/-),AA-7dpi-ZIKV(-/-/-),AA-7dpi-ZIKV(-/-/-),AA-7dpi-ZIKV,AA-ZIKV(-),AA-7dpi-ZIKV(-),AA-7dpi-ZIKV(-)
AMT-7dpi-27,Ae_aegypti,AA-ZIKV,7dpi,body,GIM-577,GIM-561,2989643,77142857,1097,0,21967,,,,AA-7dpi-ZIKV(-/+),AA-7dpi-ZIKV(-/+),AA-7dpi-ZIKV(-/+/+),AA-7dpi-ZIKV(-/+/+),AA-7dpi-ZIKV,AA-ZIKV(-),AA-7dpi-ZIKV(+),AA-7dpi-ZIKV(+)
AMT-7dpi-28,Ae_aegypti,AA-ZIKV,7dpi,body,GIM-578,GIM-562,10635855,7978,0,118,0,,,,AA-7dpi-ZIKV(-/-),AA-7dpi-ZIKV(-/-),AA-7dpi-ZIKV(-/-/-),AA-7dpi-ZIKV(-/-/-),AA-7dpi-ZIKV,AA-ZIKV(-),AA-7dpi-ZIKV(-),AA-7dpi-ZIKV(-)
AMT-7dpi-30,Ae_aegypti,AA-ZIKV,7dpi,body,GIM-580,GIM-564,9078,2853,0,0,0,,,,AA-7dpi-ZIKV(-/-),AA-7dpi-ZIKV(-/-),AA-7dpi-ZIKV(-/-/-),AA-7dpi-ZIKV(-/-/-),AA-7dpi-ZIKV,AA-ZIKV(-),AA-7dpi-ZIKV(-),AA-7dpi-ZIKV(-)
AMT-7dpi-31,Ae_aegypti,AA-ZIKV,7dpi,body,GIM-581,GIM-565,2194,62132,0,0,0,,,,AA-7dpi-ZIKV(-/-),AA-7dpi-ZIKV(-/-),AA-7dpi-ZIKV(-/-/-),AA-7dpi-ZIKV(-/-/-),AA-7dpi-ZIKV,AA-ZIKV(-),AA-7dpi-ZIKV(-),AA-7dpi-ZIKV(-)
AMT-7dpi-32,Ae_aegypti,AA-ZIKV,7dpi,body,GIM-582,GIM-566,10057977,109714286,795,0,0,,,,AA-7dpi-ZIKV(-/-),AA-7dpi-ZIKV(-/-),AA-7dpi-ZIKV(-/-/-),AA-7dpi-ZIKV(-/-/-),AA-7dpi-ZIKV,AA-ZIKV(-),AA-7dpi-ZIKV(-),AA-7dpi-ZIKV(-)
AMT-7dpi-33,Ae_aegypti,AA-ZIKV,7dpi,body,GIM-583,GIM-567,1576674,3904,0,0,0,,,,AA-7dpi-ZIKV(-/-),AA-7dpi-ZIKV(-/-),AA-7dpi-ZIKV(-/-/-),AA-7dpi-ZIKV(-/-/-),AA-7dpi-ZIKV,AA-ZIKV(-),AA-7dpi-ZIKV(-),AA-7dpi-ZIKV(-)
AMT-7dpi-35,Ae_aegypti,AA-ZIKV,7dpi,body,GIM-585,GIM-569,42608,18627,827,237083,0,,,,AA-7dpi-ZIKV(-/-),AA-7dpi-ZIKV(-/-),AA-7dpi-ZIKV(-/-/-),AA-7dpi-ZIKV(-/-/-),AA-7dpi-ZIKV,AA-ZIKV(-),AA-7dpi-ZIKV(-),AA-7dpi-ZIKV(-)
AMT-7dpi-36,Ae_aegypti,AA-ZIKV,7dpi,body,GIM-586,GIM-570,1141,398589,807,326,0,,,,AA-7dpi-ZIKV(-/-),AA-7dpi-ZIKV(-/-),AA-7dpi-ZIKV(-/-/-),AA-7dpi-ZIKV(-/-/-),AA-7dpi-ZIKV,AA-ZIKV(-),AA-7dpi-ZIKV(-),AA-7dpi-ZIKV(-)
AMT-21dpi-1,Ae_aegypti,AA-ZIKV,21dpi,body,GIM-81,GIM-61,340,1459,0,997501,0,,,,,,,,AA-21dpi-ZIKV,AA-ZIKV(-),,AA-21dpi-ZIKV(-)
AMT-21dpi-2,Ae_aegypti,AA-ZIKV,21dpi,body,GIM-82,GIM-62,605,24568,279,3496228,1931134,,,,AA-21dpi-ZIKV(-/+),AA-21dpi-ZIKV(-/+),AA-21dpi-ZIKV(-/+/+),AA-21dpi-ZIKV(-/+/+),AA-21dpi-ZIKV,AA-ZIKV(-),AA-21dpi-ZIKV(+),AA-21dpi-ZIKV(+)
AMT-21dpi-3,Ae_aegypti,AA-ZIKV,21dpi,body,GIM-83,GIM-63,39656289,45550,0,0,66,,,,AA-21dpi-ZIKV(-/-),AA-21dpi-ZIKV(-/-),AA-21dpi-ZIKV(-/-/-),AA-21dpi-ZIKV(-/-/+),AA-21dpi-ZIKV,AA-ZIKV(-),AA-21dpi-ZIKV(-),AA-21dpi-ZIKV(-)
AMT-21dpi-4,Ae_aegypti,AA-ZIKV,21dpi,body,GIM-84,GIM-64,11859,148000000,0,1150375,131,,,,AA-21dpi-ZIKV(-/-),AA-21dpi-ZIKV(-/-),AA-21dpi-ZIKV(-/-/-),AA-21dpi-ZIKV(-/-/+),AA-21dpi-ZIKV,AA-ZIKV(-),AA-21dpi-ZIKV(-),AA-21dpi-ZIKV(-)
AMT-21dpi-5,Ae_aegypti,AA-ZIKV,21dpi,body,GIM-85,GIM-65,967620,390,0,0,0,,,,AA-21dpi-ZIKV(-/-),AA-21dpi-ZIKV(-/-),AA-21dpi-ZIKV(-/-/-),AA-21dpi-ZIKV(-/-/-),AA-21dpi-ZIKV,AA-ZIKV(-),AA-21dpi-ZIKV(-),AA-21dpi-ZIKV(-)
AMT-21dpi-6,Ae_aegypti,AA-ZIKV,21dpi,body,GIM-86,GIM-66,4063,12884,67606,159,1365054,,,,AA-21dpi-ZIKV(-/+),AA-21dpi-ZIKV(-/+),AA-21dpi-ZIKV(-/+/+),AA-21dpi-ZIKV(-/+/+),AA-21dpi-ZIKV,AA-ZIKV(-),AA-21dpi-ZIKV(+),AA-21dpi-ZIKV(+)
AMT-21dpi-7,Ae_aegypti,AA-ZIKV,21dpi,body,GIM-87,GIM-67,46300514,73323,1103,1359,2412893,,,,AA-21dpi-ZIKV(+/+),AA-21dpi-ZIKV(+/+),AA-21dpi-ZIKV(+/+/+),AA-21dpi-ZIKV(+/+/+),AA-21dpi-ZIKV,AA-ZIKV(+),AA-21dpi-ZIKV(+),AA-21dpi-ZIKV(+)
AMT-21dpi-8,Ae_aegypti,AA-ZIKV,21dpi,body,GIM-88,GIM-68,39591391,19555,0,1525475,28,,,,AA-21dpi-ZIKV(-/-),AA-21dpi-ZIKV(-/-),AA-21dpi-ZIKV(-/-/-),AA-21dpi-ZIKV(-/-/+),AA-21dpi-ZIKV,AA-ZIKV(-),AA-21dpi-ZIKV(-),AA-21dpi-ZIKV(-)
AMT-21dpi-9,Ae_aegypti,AA-ZIKV,21dpi,body,GIM-89,GIM-69,59142857,132000000,0,0,0,,,,AA-21dpi-ZIKV(-/-),AA-21dpi-ZIKV(-/-),AA-21dpi-ZIKV(-/-/-),AA-21dpi-ZIKV(-/-/-),AA-21dpi-ZIKV,AA-ZIKV(-),AA-21dpi-ZIKV(-),AA-21dpi-ZIKV(-)
AMT-21dpi-10,Ae_aegypti,AA-ZIKV,21dpi,body,GIM-90,GIM-70,344,1005,0,1116547,0,,,,AA-21dpi-ZIKV(-/-),AA-21dpi-ZIKV(-/-),AA-21dpi-ZIKV(-/-/-),AA-21dpi-ZIKV(-/-/-),AA-21dpi-ZIKV,AA-ZIKV(-),AA-21dpi-ZIKV(-),AA-21dpi-ZIKV(-)
AMT-21dpi-11,Ae_aegypti,AA-ZIKV,21dpi,body,GIM-91,GIM-71,487,1446,0,578,0,,,,AA-21dpi-ZIKV(-/-),AA-21dpi-ZIKV(-/-),AA-21dpi-ZIKV(-/-/-),AA-21dpi-ZIKV(-/-/-),AA-21dpi-ZIKV,AA-ZIKV(-),AA-21dpi-ZIKV(-),AA-21dpi-ZIKV(-)
AMT-21dpi-12,Ae_aegypti,AA-ZIKV,21dpi,body,GIM-92,GIM-72,7567,745,866,465944,14,,,,AA-21dpi-ZIKV(-/-),AA-21dpi-ZIKV(-/-),AA-21dpi-ZIKV(-/-/-),AA-21dpi-ZIKV(-/-/+),AA-21dpi-ZIKV,AA-ZIKV(-),AA-21dpi-ZIKV(-),AA-21dpi-ZIKV(-)
AMT-21dpi-13,Ae_aegypti,AA-ZIKV,21dpi,body,GIM-93,GIM-73,750,116857143,0,1034041,1819789,,,,AA-21dpi-ZIKV(-/+),AA-21dpi-ZIKV(-/+),AA-21dpi-ZIKV(-/+/+),AA-21dpi-ZIKV(-/+/+),AA-21dpi-ZIKV,AA-ZIKV(-),AA-21dpi-ZIKV(+),AA-21dpi-ZIKV(+)
AMT-21dpi-14,Ae_aegypti,AA-ZIKV,21dpi,body,GIM-94,GIM-74,42843303,4125,0,125,678430,,,,AA-21dpi-ZIKV(-/+),AA-21dpi-ZIKV(-/+),AA-21dpi-ZIKV(-/+/+),AA-21dpi-ZIKV(-/+/+),AA-21dpi-ZIKV,AA-ZIKV(-),AA-21dpi-ZIKV(+),AA-21dpi-ZIKV(+)
AMT-21dpi-15,Ae_aegypti,AA-ZIKV,21dpi,body,GIM-95,GIM-75,317,2603,0,2199839,27,,,,AA-21dpi-ZIKV(-/-),AA-21dpi-ZIKV(-/+),AA-21dpi-ZIKV(-/-/-),AA-21dpi-ZIKV(-/+/+),AA-21dpi-ZIKV,AA-ZIKV(-),AA-21dpi-ZIKV(-),AA-21dpi-ZIKV(-)
AMT-21dpi-16,Ae_aegypti,AA-ZIKV,21dpi,body,GIM-96,GIM-76,707,2633,0,827238,0,,,,AA-21dpi-ZIKV(-/-),AA-21dpi-ZIKV(-/-),AA-21dpi-ZIKV(-/-/-),AA-21dpi-ZIKV(-/-/-),AA-21dpi-ZIKV,AA-ZIKV(-),AA-21dpi-ZIKV(-),AA-21dpi-ZIKV(-)
AMT-21dpi-17,Ae_aegypti,AA-ZIKV,21dpi,body,GIM-97,GIM-77,1571,4495,0,14220494,5116192,,,,AA-21dpi-ZIKV(+/+),AA-21dpi-ZIKV(+/+),AA-21dpi-ZIKV(+/+/+),AA-21dpi-ZIKV(+/+/+),AA-21dpi-ZIKV,AA-ZIKV(+),AA-21dpi-ZIKV(+),AA-21dpi-ZIKV(+)
AMT-21dpi-18,Ae_aegypti,AA-ZIKV,21dpi,body,GIM-98,GIM-78,9228,7472,611,0,4333096,,,,AA-21dpi-ZIKV(-/+),AA-21dpi-ZIKV(-/+),AA-21dpi-ZIKV(-/+/+),AA-21dpi-ZIKV(-/+/+),AA-21dpi-ZIKV,AA-ZIKV(-),AA-21dpi-ZIKV(+),AA-21dpi-ZIKV(+)
AMT-21dpi-19,Ae_aegypti,AA-ZIKV,21dpi,body,GIM-99,GIM-79,18462,16141,0,0,114295,,,,AA-21dpi-ZIKV(-/-),AA-21dpi-ZIKV(-/-),AA-21dpi-ZIKV(-/-/+),AA-21dpi-ZIKV(-/-/+),AA-21dpi-ZIKV,AA-ZIKV(-),AA-21dpi-ZIKV(-),AA-21dpi-ZIKV(+)
AMT-21dpi-20,Ae_aegypti,AA-ZIKV,21dpi,body,GIM-100,GIM-80,0,2504,0,275638,0,,,,AA-21dpi-ZIKV(-/-),AA-21dpi-ZIKV(-/-),AA-21dpi-ZIKV(-/-/-),AA-21dpi-ZIKV(-/-/-),AA-21dpi-ZIKV,AA-ZIKV(-),AA-21dpi-ZIKV(-),AA-21dpi-ZIKV(-)
AMT-21dpi-21,Ae_aegypti,AA-ZIKV,21dpi,body,GIM-608,GIM-587,24273658,80315,0,0,0,,,,AA-21dpi-ZIKV(-/-),AA-21dpi-ZIKV(-/+),AA-21dpi-ZIKV(-/-/-),AA-21dpi-ZIKV(-/+/-),AA-21dpi-ZIKV,AA-ZIKV(-),AA-21dpi-ZIKV(-),AA-21dpi-ZIKV(-)
AMT-21dpi-22,Ae_aegypti,AA-ZIKV,21dpi,body,GIM-609,GIM-588,1136,14097,528,2482683,642377,,,,AA-21dpi-ZIKV(-/+),AA-21dpi-ZIKV(-/+),AA-21dpi-ZIKV(-/+/+),AA-21dpi-ZIKV(-/+/+),AA-21dpi-ZIKV,AA-ZIKV(-),AA-21dpi-ZIKV(+),AA-21dpi-ZIKV(+)
AMT-21dpi-23,Ae_aegypti,AA-ZIKV,21dpi,body,GIM-610,GIM-589,384,9345,0,0,772426,,,,AA-21dpi-ZIKV(-/+),AA-21dpi-ZIKV(-/+),AA-21dpi-ZIKV(-/+/+),AA-21dpi-ZIKV(-/+/+),AA-21dpi-ZIKV,AA-ZIKV(-),AA-21dpi-ZIKV(+),AA-21dpi-ZIKV(+)
AMT-21dpi-24,Ae_aegypti,AA-ZIKV,21dpi,body,GIM-611,GIM-590,30252965,93142857,0,0,687799,,,,AA-21dpi-ZIKV(-/+),AA-21dpi-ZIKV(-/+),AA-21dpi-ZIKV(-/+/+),AA-21dpi-ZIKV(-/+/+),AA-21dpi-ZIKV,AA-ZIKV(-),AA-21dpi-ZIKV(+),AA-21dpi-ZIKV(+)
AMT-21dpi-25,Ae_aegypti,AA-ZIKV,21dpi,body,GIM-612,GIM-591,20378973,115714286,0,0,0,,,,AA-21dpi-ZIKV(-/-),AA-21dpi-ZIKV(-/-),AA-21dpi-ZIKV(-/-/-),AA-21dpi-ZIKV(-/-/-),AA-21dpi-ZIKV,AA-ZIKV(-),AA-21dpi-ZIKV(-),AA-21dpi-ZIKV(-)
AMT-21dpi-26,Ae_aegypti,AA-ZIKV,21dpi,body,GIM-613,GIM-592,686,2122,0,0,0,,,,AA-21dpi-ZIKV(-/-),AA-21dpi-ZIKV(-/-),AA-21dpi-ZIKV(-/-/-),AA-21dpi-ZIKV(-/-/-),AA-21dpi-ZIKV,AA-ZIKV(-),AA-21dpi-ZIKV(-),AA-21dpi-ZIKV(-)
AMT-21dpi-27,Ae_aegypti,AA-ZIKV,21dpi,body,GIM-614,GIM-593,538,13147,0,0,945158,,,,AA-21dpi-ZIKV(-/+),AA-21dpi-ZIKV(-/+),AA-21dpi-ZIKV(-/+/+),AA-21dpi-ZIKV(-/+/+),AA-21dpi-ZIKV,AA-ZIKV(-),AA-21dpi-ZIKV(+),AA-21dpi-ZIKV(+)
AMT-21dpi-28,Ae_aegypti,AA-ZIKV,21dpi,body,GIM-615,GIM-594,94857143,52727,159473,0,1995553,,,,AA-21dpi-ZIKV(-/+),AA-21dpi-ZIKV(-/+),AA-21dpi-ZIKV(-/+/+),AA-21dpi-ZIKV(-/+/+),AA-21dpi-ZIKV,AA-ZIKV(-),AA-21dpi-ZIKV(+),AA-21dpi-ZIKV(+)
AMT-21dpi-29,Ae_aegypti,AA-ZIKV,21dpi,body,GIM-616,GIM-595,191,5973592,0,0,3464209,,,,AA-21dpi-ZIKV(+/+),AA-21dpi-ZIKV(+/+),AA-21dpi-ZIKV(+/+/+),AA-21dpi-ZIKV(+/+/+),AA-21dpi-ZIKV,AA-ZIKV(+),AA-21dpi-ZIKV(+),AA-21dpi-ZIKV(+)
AMT-21dpi-30,Ae_aegypti,AA-ZIKV,21dpi,body,GIM-617,GIM-596,40392061,2588,0,0,3554317,,,,AA-21dpi-ZIKV(-/+),AA-21dpi-ZIKV(-/+),AA-21dpi-ZIKV(-/+/+),AA-21dpi-ZIKV(-/+/+),AA-21dpi-ZIKV,AA-ZIKV(-),AA-21dpi-ZIKV(+),AA-21dpi-ZIKV(+)
AMT-21dpi-31,Ae_aegypti,AA-ZIKV,21dpi,body,GIM-618,GIM-597,939,14146,0,0,0,,,,AA-21dpi-ZIKV(-/-),AA-21dpi-ZIKV(-/-),AA-21dpi-ZIKV(-/-/-),AA-21dpi-ZIKV(-/-/-),AA-21dpi-ZIKV,AA-ZIKV(-),AA-21dpi-ZIKV(-),AA-21dpi-ZIKV(-)
AMT-21dpi-32,Ae_aegypti,AA-ZIKV,21dpi,body,GIM-619,GIM-598,25127301,477475,0,0,0,,,,AA-21dpi-ZIKV(-/-),AA-21dpi-ZIKV(-/-),AA-21dpi-ZIKV(-/-/-),AA-21dpi-ZIKV(-/-/-),AA-21dpi-ZIKV,AA-ZIKV(-),AA-21dpi-ZIKV(-),AA-21dpi-ZIKV(-)
AMT-21dpi-33,Ae_aegypti,AA-ZIKV,21dpi,body,GIM-620,GIM-599,670,4637,0,0,196,,,,AA-21dpi-ZIKV(-/-),AA-21dpi-ZIKV(-/-),AA-21dpi-ZIKV(-/-/-),AA-21dpi-ZIKV(-/-/+),AA-21dpi-ZIKV,AA-ZIKV(-),AA-21dpi-ZIKV(-),AA-21dpi-ZIKV(-)
AMT-21dpi-34,Ae_aegypti,AA-ZIKV,21dpi,body,GIM-621,GIM-600,623,44867,0,0,2669013,,,,AA-21dpi-ZIKV(+/+),AA-21dpi-ZIKV(+/+),AA-21dpi-ZIKV(+/+/+),AA-21dpi-ZIKV(+/+/+),AA-21dpi-ZIKV,AA-ZIKV(+),AA-21dpi-ZIKV(+),AA-21dpi-ZIKV(+)
AMT-21dpi-35,Ae_aegypti,AA-ZIKV,21dpi,body,GIM-622,GIM-601,1296,714,0,0,484040,,,,AA-21dpi-ZIKV(-/+),AA-21dpi-ZIKV(-/+),AA-21dpi-ZIKV(-/+/+),AA-21dpi-ZIKV(-/+/+),AA-21dpi-ZIKV,AA-ZIKV(-),AA-21dpi-ZIKV(+),AA-21dpi-ZIKV(+)
AMT-21dpi-36,Ae_aegypti,AA-ZIKV,21dpi,body,GIM-623,GIM-602,4323,32298,0,0,0,,,,AA-21dpi-ZIKV(-/-),AA-21dpi-ZIKV(-/-),AA-21dpi-ZIKV(-/-/-),AA-21dpi-ZIKV(-/-/-),AA-21dpi-ZIKV,AA-ZIKV(-),AA-21dpi-ZIKV(-),AA-21dpi-ZIKV(-)
AMT-21dpi-37,Ae_aegypti,AA-ZIKV,21dpi,body,GIM-624,GIM-603,419,147714286,0,0,0,,,,AA-21dpi-ZIKV(-/-),AA-21dpi-ZIKV(-/+),AA-21dpi-ZIKV(-/-/-),AA-21dpi-ZIKV(-/+/-),AA-21dpi-ZIKV,AA-ZIKV(-),AA-21dpi-ZIKV(-),AA-21dpi-ZIKV(-)
AMT-21dpi-38,Ae_aegypti,AA-ZIKV,21dpi,body,GIM-625,GIM-604,472,21287747,0,670321,2691521,,,,AA-21dpi-ZIKV(+/+),AA-21dpi-ZIKV(+/+),AA-21dpi-ZIKV(+/+/+),AA-21dpi-ZIKV(+/+/+),AA-21dpi-ZIKV,AA-ZIKV(+),AA-21dpi-ZIKV(+),AA-21dpi-ZIKV(+)
AMT-21dpi-39,Ae_aegypti,AA-ZIKV,21dpi,body,GIM-626,GIM-605,4475,195142857,634,0,0,,,,AA-21dpi-ZIKV(-/-),AA-21dpi-ZIKV(-/-),AA-21dpi-ZIKV(-/-/-),AA-21dpi-ZIKV(-/-/-),AA-21dpi-ZIKV,AA-ZIKV(-),AA-21dpi-ZIKV(-),AA-21dpi-ZIKV(-)
AMT-21dpi-40,Ae_aegypti,AA-ZIKV,21dpi,body,GIM-627,GIM-606,51364166,24579,0,0,0,,,,AA-21dpi-ZIKV(-/-),AA-21dpi-ZIKV(-/+),AA-21dpi-ZIKV(-/-/-),AA-21dpi-ZIKV(-/+/-),AA-21dpi-ZIKV,AA-ZIKV(-),AA-21dpi-ZIKV(-),AA-21dpi-ZIKV(-)
AMT-21dpi-41,Ae_aegypti,AA-ZIKV,21dpi,body,GIM-628,GIM-607,510,2526,0,0,2009869,,,,AA-21dpi-ZIKV(-/+),AA-21dpi-ZIKV(-/+),AA-21dpi-ZIKV(-/+/+),AA-21dpi-ZIKV(-/+/+),AA-21dpi-ZIKV,AA-ZIKV(-),AA-21dpi-ZIKV(+),AA-21dpi-ZIKV(+)
AE-7dpi-7,Ae_aegypti,AA-blood,7dpi,body,GIM-257,GIM-247,48004757,0,298,109,,,,,AA-7dpi-blood,AA-7dpi-blood,AA-7dpi-blood,AA-7dpi-blood,AA-7dpi-blood,AA-blood,AA-7dpi-blood,AA-7dpi-blood
AE-7dpi-8,Ae_aegypti,AA-blood,7dpi,body,GIM-258,GIM-248,645,128,0,0,,,,,AA-7dpi-blood,AA-7dpi-blood,AA-7dpi-blood,AA-7dpi-blood,AA-7dpi-blood,AA-blood,AA-7dpi-blood,AA-7dpi-blood
AE-7dpi-9,Ae_aegypti,AA-blood,7dpi,body,GIM-259,GIM-249,36553839,0,0,578208,,,,,AA-7dpi-blood,AA-7dpi-blood,AA-7dpi-blood,AA-7dpi-blood,AA-7dpi-blood,AA-blood,AA-7dpi-blood,AA-7dpi-blood
AE-7dpi-10,Ae_aegypti,AA-blood,7dpi,body,GIM-260,GIM-250,10179,0,0,0,,,,,AA-7dpi-blood,AA-7dpi-blood,AA-7dpi-blood,AA-7dpi-blood,AA-7dpi-blood,AA-blood,AA-7dpi-blood,AA-7dpi-blood
AE-7dpi-11,Ae_aegypti,AA-blood,7dpi,body,GIM-543,GIM-541,166584,0,0,0,,,,,AA-7dpi-blood,AA-7dpi-blood,AA-7dpi-blood,AA-7dpi-blood,AA-7dpi-blood,AA-blood,AA-7dpi-blood,AA-7dpi-blood
AE-21dpi-4,Ae_aegypti,AA-blood,21dpi,body,GIM-284,GIM-274,34588,0,0,0,,,,,AA-21dpi-blood,AA-21dpi-blood,AA-21dpi-blood,AA-21dpi-blood,AA-21dpi-blood,AA-blood,AA-21dpi-blood,AA-21dpi-blood
AE-21dpi-7,Ae_aegypti,AA-blood,21dpi,body,GIM-287,GIM-277,3136,0,0,0,,,,,AA-21dpi-blood,AA-21dpi-blood,AA-21dpi-blood,AA-21dpi-blood,AA-21dpi-blood,AA-blood,AA-21dpi-blood,AA-21dpi-blood
AE-21dpi-8,Ae_aegypti,AA-blood,21dpi,body,GIM-288,GIM-278,51333589,0,0,0,,,,,AA-21dpi-blood,AA-21dpi-blood,AA-21dpi-blood,AA-21dpi-blood,AA-21dpi-blood,AA-blood,AA-21dpi-blood,AA-21dpi-blood
AE-21dpi-10,Ae_aegypti,AA-blood,21dpi,body,GIM-290,GIM-280,44300784,0,825,1561660,,,,,AA-21dpi-blood,AA-21dpi-blood,AA-21dpi-blood,AA-21dpi-blood,AA-21dpi-blood,AA-blood,AA-21dpi-blood,AA-21dpi-blood
AE-21dpi-11,Ae_aegypti,AA-blood,21dpi,body,GIM-546,GIM-545,41449,0,478,0,,,,,AA-21dpi-blood,AA-21dpi-blood,AA-21dpi-blood,AA-21dpi-blood,AA-21dpi-blood,AA-blood,AA-21dpi-blood,AA-21dpi-blood
ANE-7dpi-7,Ae_aegypti,AA-sucrose,7dpi,body,GIM-317,GIM-307,22887,276,373182,0,,,,,AA-7dpi-sucrose,AA-7dpi-sucrose,AA-7dpi-sucrose,AA-7dpi-sucrose,AA-7dpi-sucrose,AA-sucrose,AA-7dpi-sucrose,AA-7dpi-sucrose
ANE-7dpi-8,Ae_aegypti,AA-sucrose,7dpi,body,GIM-318,GIM-308,131737,1767,687419,0,,,,,AA-7dpi-sucrose,AA-7dpi-sucrose,AA-7dpi-sucrose,AA-7dpi-sucrose,AA-7dpi-sucrose,AA-sucrose,AA-7dpi-sucrose,AA-7dpi-sucrose
ANE-7dpi-9,Ae_aegypti,AA-sucrose,7dpi,body,GIM-319,GIM-309,8027383,1097,0,0,,,,,AA-7dpi-sucrose,AA-7dpi-sucrose,AA-7dpi-sucrose,AA-7dpi-sucrose,AA-7dpi-sucrose,AA-sucrose,AA-7dpi-sucrose,AA-7dpi-sucrose
ANE-7dpi-10,Ae_aegypti,AA-sucrose,7dpi,body,GIM-320,GIM-310,7017602,0,291,357087,,,,,AA-7dpi-sucrose,AA-7dpi-sucrose,AA-7dpi-sucrose,AA-7dpi-sucrose,AA-7dpi-sucrose,AA-sucrose,AA-7dpi-sucrose,AA-7dpi-sucrose
ANE-7dpi-11,Ae_aegypti,AA-sucrose,7dpi,body,GIM-549,GIM-547,10597,396,191831,0,,,,,AA-7dpi-sucrose,AA-7dpi-sucrose,AA-7dpi-sucrose,AA-7dpi-sucrose,AA-7dpi-sucrose,AA-sucrose,AA-7dpi-sucrose,AA-7dpi-sucrose
ANE-21dpi-7,Ae_aegypti,AA-sucrose,21dpi,body,GIM-347,GIM-337,2546742,0,0,0,,,,,AA-21dpi-sucrose,AA-21dpi-sucrose,AA-21dpi-sucrose,AA-21dpi-sucrose,AA-21dpi-sucrose,AA-sucrose,AA-21dpi-sucrose,AA-21dpi-sucrose
ANE-21dpi-9,Ae_aegypti,AA-sucrose,21dpi,body,GIM-349,GIM-339,1401,32777,0,0,,,,,AA-21dpi-sucrose,AA-21dpi-sucrose,AA-21dpi-sucrose,AA-21dpi-sucrose,AA-21dpi-sucrose,AA-sucrose,AA-21dpi-sucrose,AA-21dpi-sucrose
ANE-21dpi-10,Ae_aegypti,AA-sucrose,21dpi,body,GIM-350,GIM-340,1102,1556,0,174401,,,,,AA-21dpi-sucrose,AA-21dpi-sucrose,AA-21dpi-sucrose,AA-21dpi-sucrose,AA-21dpi-sucrose,AA-sucrose,AA-21dpi-sucrose,AA-21dpi-sucrose
ANE-21dpi-11,Ae_aegypti,AA-sucrose,21dpi,body,GIM-553,GIM-551,182857143,3569,1387144,0,,,,,AA-21dpi-sucrose,AA-21dpi-sucrose,AA-21dpi-sucrose,AA-21dpi-sucrose,AA-21dpi-sucrose,AA-sucrose,AA-21dpi-sucrose,AA-21dpi-sucrose
ANE-21dpi-12,Ae_aegypti,AA-sucrose,21dpi,body,GIM-554,GIM-552,28637630,401714286,906,0,,,,,AA-21dpi-sucrose,AA-21dpi-sucrose,AA-21dpi-sucrose,AA-21dpi-sucrose,AA-21dpi-sucrose,AA-sucrose,AA-21dpi-sucrose,AA-21dpi-sucrose
CWV-7dpi-1,Cx_quinquefasciatus,CQ-WNV,7dpi,body,GIM-381,GIM-361,,,,,,1752,0,2399,WNV(-),,,7dpi-WNV(-/+),CQ-7dpi-WNV,7dpi-WNV(-),,
CWV-7dpi-2,Cx_quinquefasciatus,CQ-WNV,7dpi,body,GIM-382,GIM-362,,,,,,0,0,16184,WNV(-),,,7dpi-WNV(-/+),CQ-7dpi-WNV,7dpi-WNV(-),,
CWV-7dpi-3,Cx_quinquefasciatus,CQ-WNV,7dpi,body,GIM-383,GIM-363,,,,,,2568,0,296567,WNV(-),,,7dpi-WNV(-/+),CQ-7dpi-WNV,7dpi-WNV(-),,
CWV-7dpi-4,Cx_quinquefasciatus,CQ-WNV,7dpi,body,GIM-384,GIM-364,,,,,,0,0,2835,WNV(-),,,7dpi-WNV(-/+),CQ-7dpi-WNV,7dpi-WNV(-),,
CWV-7dpi-5,Cx_quinquefasciatus,CQ-WNV,7dpi,body,GIM-385,GIM-365,,,,,,1796,0,3481,WNV(+),,,7dpi-WNV(+/),CQ-7dpi-WNV,7dpi-WNV(+),,
CWV-7dpi-6,Cx_quinquefasciatus,CQ-WNV,7dpi,body,GIM-386,GIM-366,,,,,,1889,0,2202,WNV(-),,,7dpi-WNV(-/+),CQ-7dpi-WNV,7dpi-WNV(-),,
CWV-7dpi-7,Cx_quinquefasciatus,CQ-WNV,7dpi,body,GIM-387,GIM-367,,,,,,2555,0,53677,WNV(+suspected),,,7dpi-WNV(+/),CQ-7dpi-WNV,7dpi-WNV(+),,
CWV-7dpi-8,Cx_quinquefasciatus,CQ-WNV,7dpi,body,GIM-388,GIM-368,,,,,,2567,0,5208,WNV(-),,,7dpi-WNV(-/+),CQ-7dpi-WNV,7dpi-WNV(-),,
CWV-7dpi-9,Cx_quinquefasciatus,CQ-WNV,7dpi,body,GIM-389,GIM-369,,,,,,3214,0,127,WNV(+suspected),,,7dpi-WNV(+/),CQ-7dpi-WNV,7dpi-WNV(+),,
CWV-7dpi-10,Cx_quinquefasciatus,CQ-WNV,7dpi,body,GIM-390,GIM-370,,,,,,2567,2869,16284,WNV(-),,,7dpi-WNV(-/+),CQ-7dpi-WNV,7dpi-WNV(-),,
CWV-7dpi-11,Cx_quinquefasciatus,CQ-WNV,7dpi,body,GIM-391,GIM-371,,,,,,1473,0,146,WNV(+suspected),,,7dpi-WNV(+/),CQ-7dpi-WNV,7dpi-WNV(+),,
CWV-7dpi-12,Cx_quinquefasciatus,CQ-WNV,7dpi,body,GIM-392,GIM-372,,,,,,2815,0,0,WNV(+),,,7dpi-WNV(+/),CQ-7dpi-WNV,7dpi-WNV(+),,
CWV-7dpi-13,Cx_quinquefasciatus,CQ-WNV,7dpi,body,GIM-393,GIM-373,,,,,,2709,0,938,WNV(-),,,7dpi-WNV(-/-),CQ-7dpi-WNV,7dpi-WNV(-),,
CWV-7dpi-14,Cx_quinquefasciatus,CQ-WNV,7dpi,body,GIM-394,GIM-374,,,,,,1529,0,17481,WNV(-),,,7dpi-WNV(-/+),CQ-7dpi-WNV,7dpi-WNV(-),,
CWV-7dpi-15,Cx_quinquefasciatus,CQ-WNV,7dpi,body,GIM-395,GIM-375,,,,,,3008,5130087,2828,WNV(-),,,7dpi-WNV(-/+),CQ-7dpi-WNV,7dpi-WNV(-),,
CWV-7dpi-16,Cx_quinquefasciatus,CQ-WNV,7dpi,body,GIM-396,GIM-376,,,,,,1144,1550919,0,WNV(-),,,7dpi-WNV(-/-),CQ-7dpi-WNV,7dpi-WNV(-),,
CWV-7dpi-17,Cx_quinquefasciatus,CQ-WNV,7dpi,body,GIM-397,GIM-377,,,,,,0,0,1010,WNV(-),,,7dpi-WNV(-/+),CQ-7dpi-WNV,7dpi-WNV(-),,
CWV-7dpi-18,Cx_quinquefasciatus,CQ-WNV,7dpi,body,GIM-398,GIM-378,,,,,,1108,3799,0,WNV(-),,,7dpi-WNV(-/-),CQ-7dpi-WNV,7dpi-WNV(-),,
CWV-7dpi-19,Cx_quinquefasciatus,CQ-WNV,7dpi,body,GIM-399,GIM-379,,,,,,2581,415,137,WNV(-),,,7dpi-WNV(-/-),CQ-7dpi-WNV,7dpi-WNV(-),,
CWV-7dpi-20,Cx_quinquefasciatus,CQ-WNV,7dpi,body,GIM-400,GIM-380,,,,,,2140,4627120,48062,WNV(-),,,7dpi-WNV(-/+),CQ-7dpi-WNV,7dpi-WNV(-),,
CWV-14dpi-1,Cx_quinquefasciatus,CQ-WNV,14dpi,body,GIM-421,GIM-401,,,,,,1960,0,0,WNV(+suspected),,,14dpi-WNV(+/),CQ-14dpi-WNV,14dpi-WNV(+),,
CWV-14dpi-2,Cx_quinquefasciatus,CQ-WNV,14dpi,body,GIM-422,GIM-402,,,,,,79428571,100189,4912,WNV(-),,,14dpi-WNV(-/+),CQ-14dpi-WNV,14dpi-WNV(-),,
CWV-14dpi-3,Cx_quinquefasciatus,CQ-WNV,14dpi,body,GIM-423,GIM-403,,,,,,4106870,3838130,4150,WNV(-),,,14dpi-WNV(-/+),CQ-14dpi-WNV,14dpi-WNV(-),,
CWV-14dpi-4,Cx_quinquefasciatus,CQ-WNV,14dpi,body,GIM-424,GIM-404,,,,,,1311,737371,17481,WNV(-),,,14dpi-WNV(-/+),CQ-14dpi-WNV,14dpi-WNV(-),,
CWV-14dpi-5,Cx_quinquefasciatus,CQ-WNV,14dpi,body,GIM-425,GIM-405,,,,,,43270436,11490621,21671,WNV(-),,,14dpi-WNV(-/+),CQ-14dpi-WNV,14dpi-WNV(-),,
CWV-14dpi-6,Cx_quinquefasciatus,CQ-WNV,14dpi,body,GIM-426,GIM-406,,,,,,3021244,794825,0,WNV(-),,,14dpi-WNV(-/-),CQ-14dpi-WNV,14dpi-WNV(-),,
CWV-14dpi-7,Cx_quinquefasciatus,CQ-WNV,14dpi,body,GIM-427,GIM-407,,,,,,1013,48947,0,WNV(-),,,14dpi-WNV(-/-),CQ-14dpi-WNV,14dpi-WNV(-),,
CWV-14dpi-8,Cx_quinquefasciatus,CQ-WNV,14dpi,body,GIM-428,GIM-408,,,,,,672,0,33203,WNV(+suspected),,,14dpi-WNV(+/),CQ-14dpi-WNV,14dpi-WNV(+),,
CWV-14dpi-9,Cx_quinquefasciatus,CQ-WNV,14dpi,body,GIM-429,GIM-409,,,,,,0,0,37579,WNV(+),,,14dpi-WNV(+/),CQ-14dpi-WNV,14dpi-WNV(+),,
CWV-14dpi-10,Cx_quinquefasciatus,CQ-WNV,14dpi,body,GIM-430,GIM-410,,,,,,566,3257872,0,WNV(-),,,14dpi-WNV(-/-),CQ-14dpi-WNV,14dpi-WNV(-),,
CWV-14dpi-11,Cx_quinquefasciatus,CQ-WNV,14dpi,body,GIM-431,GIM-411,,,,,,945,45814,22404,WNV(-),,,14dpi-WNV(-/+),CQ-14dpi-WNV,14dpi-WNV(-),,
CWV-14dpi-12,Cx_quinquefasciatus,CQ-WNV,14dpi,body,GIM-432,GIM-412,,,,,,469,0,101304,WNV(+suspected),,,14dpi-WNV(+/),CQ-14dpi-WNV,14dpi-WNV(+),,
CWV-14dpi-13,Cx_quinquefasciatus,CQ-WNV,14dpi,body,GIM-433,GIM-413,,,,,,568,4020388,0,WNV(-),,,14dpi-WNV(-/-),CQ-14dpi-WNV,14dpi-WNV(-),,
CWV-14dpi-14,Cx_quinquefasciatus,CQ-WNV,14dpi,body,GIM-434,GIM-414,,,,,,587,0,12990,WNV(-),,,14dpi-WNV(-/+),CQ-14dpi-WNV,14dpi-WNV(-),,
CWV-14dpi-15,Cx_quinquefasciatus,CQ-WNV,14dpi,body,GIM-435,GIM-415,,,,,,698,41520,6134,WNV(+suspected),,,14dpi-WNV(+/),CQ-14dpi-WNV,14dpi-WNV(+),,
CWV-14dpi-16,Cx_quinquefasciatus,CQ-WNV,14dpi,body,GIM-436,GIM-416,,,,,,0,0,0,WNV(-),,,14dpi-WNV(-/-),CQ-14dpi-WNV,14dpi-WNV(-),,
CWV-14dpi-17,Cx_quinquefasciatus,CQ-WNV,14dpi,body,GIM-437,GIM-417,,,,,,871,78829,0,WNV(-),,,14dpi-WNV(-/-),CQ-14dpi-WNV,14dpi-WNV(-),,
CWV-14dpi-18,Cx_quinquefasciatus,CQ-WNV,14dpi,body,GIM-438,GIM-418,,,,,,0,29067,18034,WNV(-),,,14dpi-WNV(-/+),CQ-14dpi-WNV,14dpi-WNV(-),,
CWV-14dpi-19,Cx_quinquefasciatus,CQ-WNV,14dpi,body,GIM-439,GIM-419,,,,,,1013,47832,596,WNV(-),,,14dpi-WNV(-/-),CQ-14dpi-WNV,14dpi-WNV(-),,
CWV-14dpi-20,Cx_quinquefasciatus,CQ-WNV,14dpi,body,GIM-440,GIM-420,,,,,,960,2247831,16647,WNV(-),,,14dpi-WNV(-/+),CQ-14dpi-WNV,14dpi-WNV(-),,
CE-7dpi-1,Cx_quinquefasciatus,CQ-blood,7dpi,body,GIM-451,GIM-441,,,,,,2018,0,,CQ-7dpi-blood,CQ-7dpi-blood,CQ-7dpi-blood,CQ-7dpi-blood,CQ-7dpi-blood,CQ-7dpi-blood,,
CE-7dpi-2,Cx_quinquefasciatus,CQ-blood,7dpi,body,GIM-452,GIM-442,,,,,,1380,26947115,,CQ-7dpi-blood,CQ-7dpi-blood,CQ-7dpi-blood,CQ-7dpi-blood,CQ-7dpi-blood,CQ-7dpi-blood,,
CE-7dpi-3,Cx_quinquefasciatus,CQ-blood,7dpi,body,GIM-453,GIM-443,,,,,,2369,10611108,,CQ-7dpi-blood,CQ-7dpi-blood,CQ-7dpi-blood,CQ-7dpi-blood,CQ-7dpi-blood,CQ-7dpi-blood,,
CE-7dpi-4,Cx_quinquefasciatus,CQ-blood,7dpi,body,GIM-454,GIM-444,,,,,,698,130,,CQ-7dpi-blood,CQ-7dpi-blood,CQ-7dpi-blood,CQ-7dpi-blood,CQ-7dpi-blood,CQ-7dpi-blood,,
CE-7dpi-5,Cx_quinquefasciatus,CQ-blood,7dpi,body,GIM-455,GIM-445,,,,,,3254,6708,,CQ-7dpi-blood,CQ-7dpi-blood,CQ-7dpi-blood,CQ-7dpi-blood,CQ-7dpi-blood,CQ-7dpi-blood,,
CE-14dpi-1,Cx_quinquefasciatus,CQ-blood,14dpi,body,GIM-471,GIM-461,,,,,,0,662,,CQ-14dpi-blood,CQ-14dpi-blood,CQ-14dpi-blood,CQ-14dpi-blood,CQ-14dpi-blood,CQ-14dpi-blood,,
CE-14dpi-2,Cx_quinquefasciatus,CQ-blood,14dpi,body,GIM-472,GIM-462,,,,,,957,60109,,CQ-14dpi-blood,CQ-14dpi-blood,CQ-14dpi-blood,CQ-14dpi-blood,CQ-14dpi-blood,CQ-14dpi-blood,,
CE-14dpi-3,Cx_quinquefasciatus,CQ-blood,14dpi,body,GIM-473,GIM-463,,,,,,701,18423132,,CQ-14dpi-blood,CQ-14dpi-blood,CQ-14dpi-blood,CQ-14dpi-blood,CQ-14dpi-blood,CQ-14dpi-blood,,
CE-14dpi-5,Cx_quinquefasciatus,CQ-blood,14dpi,body,GIM-475,GIM-465,,,,,,283,0,,CQ-14dpi-blood,CQ-14dpi-blood,CQ-14dpi-blood,CQ-14dpi-blood,CQ-14dpi-blood,CQ-14dpi-blood,,
CE-14dpi-6,Cx_quinquefasciatus,CQ-blood,14dpi,body,GIM-476,GIM-466,,,,,,1259,489455,,CQ-14dpi-blood,CQ-14dpi-blood,CQ-14dpi-blood,CQ-14dpi-blood,CQ-14dpi-blood,CQ-14dpi-blood,,
CNE-7dpi-1,Cx_quinquefasciatus,CQ-sucrose,7dpi,body,GIM-491,GIM-481,,,,,,2397,0,,CQ-7dpi-sucrose,CQ-7dpi-sucrose,CQ-7dpi-sucrose,CQ-7dpi-sucrose,CQ-7dpi-sucrose,CQ-7dpi-sucrose,,
CNE-7dpi-2,Cx_quinquefasciatus,CQ-sucrose,7dpi,body,GIM-492,GIM-482,,,,,,2593,0,,CQ-7dpi-sucrose,CQ-7dpi-sucrose,CQ-7dpi-sucrose,CQ-7dpi-sucrose,CQ-7dpi-sucrose,CQ-7dpi-sucrose,,
CNE-7dpi-3,Cx_quinquefasciatus,CQ-sucrose,7dpi,body,GIM-493,GIM-483,,,,,,133914,0,,CQ-7dpi-sucrose,CQ-7dpi-sucrose,CQ-7dpi-sucrose,CQ-7dpi-sucrose,CQ-7dpi-sucrose,CQ-7dpi-sucrose,,
CNE-7dpi-4,Cx_quinquefasciatus,CQ-sucrose,7dpi,body,GIM-494,GIM-484,,,,,,2174,10073604,,CQ-7dpi-sucrose,CQ-7dpi-sucrose,CQ-7dpi-sucrose,CQ-7dpi-sucrose,CQ-7dpi-sucrose,CQ-7dpi-sucrose,,
CNE-7dpi-5,Cx_quinquefasciatus,CQ-sucrose,7dpi,body,GIM-495,GIM-485,,,,,,1397,0,,CQ-7dpi-sucrose,CQ-7dpi-sucrose,CQ-7dpi-sucrose,CQ-7dpi-sucrose,CQ-7dpi-sucrose,CQ-7dpi-sucrose,,
CNE-14dpi-5,Cx_quinquefasciatus,CQ-sucrose,14dpi,body,GIM-525,GIM-515,,,,,,63,35824,,CQ-14dpi-sucrose,CQ-14dpi-sucrose,CQ-14dpi-sucrose,CQ-14dpi-sucrose,CQ-14dpi-sucrose,CQ-14dpi-sucrose,,
CNE-14dpi-7,Cx_quinquefasciatus,CQ-sucrose,14dpi,body,GIM-527,GIM-517,,,,,,1015,0,,CQ-14dpi-sucrose,CQ-14dpi-sucrose,CQ-14dpi-sucrose,CQ-14dpi-sucrose,CQ-14dpi-sucrose,CQ-14dpi-sucrose,,
CNE-14dpi-8,Cx_quinquefasciatus,CQ-sucrose,14dpi,body,GIM-528,GIM-518,,,,,,553,0,,CQ-14dpi-sucrose,CQ-14dpi-sucrose,CQ-14dpi-sucrose,CQ-14dpi-sucrose,CQ-14dpi-sucrose,CQ-14dpi-sucrose,,
CNE-14dpi-9,Cx_quinquefasciatus,CQ-sucrose,14dpi,body,GIM-529,GIM-519,,,,,,783,0,,CQ-14dpi-sucrose,CQ-14dpi-sucrose,CQ-14dpi-sucrose,CQ-14dpi-sucrose,CQ-14dpi-sucrose,CQ-14dpi-sucrose,,
CNE-14dpi-10,Cx_quinquefasciatus,CQ-sucrose,14dpi,body,GIM-530,GIM-520,,,,,,511,834,,CQ-14dpi-sucrose,CQ-14dpi-sucrose,CQ-14dpi-sucrose,CQ-14dpi-sucrose,CQ-14dpi-sucrose,CQ-14dpi-sucrose,,
AMT-7dpi-1,Ae_aegypti,AA-ZIKV,7dpi,head,GIM-21,GIM-1,,,,,,,,,,,,,AA-7dpi-ZIKV,AA-ZIKV(-),,AA-7dpi-ZIKV(+)
AMT-7dpi-2,Ae_aegypti,AA-ZIKV,7dpi,head,GIM-22,GIM-2,920315,5644,0,6101,0,,,,AA-7dpi-ZIKV(-/-),AA-7dpi-ZIKV(-/-),AA-7dpi-ZIKV(-/-/+),AA-7dpi-ZIKV(-/-/+),AA-7dpi-ZIKV,AA-ZIKV(-),AA-7dpi-ZIKV(-),AA-7dpi-ZIKV(+)
AMT-7dpi-3,Ae_aegypti,AA-ZIKV,7dpi,head,GIM-23,GIM-3,734509,2914,0,19857,9075,,,,AA-7dpi-ZIKV(-/+),AA-7dpi-ZIKV(-/+),AA-7dpi-ZIKV(-/+/+),AA-7dpi-ZIKV(-/+/+),AA-7dpi-ZIKV,AA-ZIKV(-),AA-7dpi-ZIKV(+),AA-7dpi-ZIKV(+)
AMT-7dpi-4,Ae_aegypti,AA-ZIKV,7dpi,head,GIM-24,GIM-4,61,14217,412,0,31,,,,AA-7dpi-ZIKV(-/-),AA-7dpi-ZIKV(-/+),AA-7dpi-ZIKV(-/-/+),AA-7dpi-ZIKV(-/+/+),AA-7dpi-ZIKV,AA-ZIKV(-),AA-7dpi-ZIKV(-),AA-7dpi-ZIKV(+)
AMT-7dpi-5,Ae_aegypti,AA-ZIKV,7dpi,head,GIM-25,GIM-5,66,1729,0,33903,0,,,,AA-7dpi-ZIKV(-/-),AA-7dpi-ZIKV(-/-),AA-7dpi-ZIKV(-/-/+),AA-7dpi-ZIKV(-/-/+),AA-7dpi-ZIKV,AA-ZIKV(-),AA-7dpi-ZIKV(-),AA-7dpi-ZIKV(+)
AMT-7dpi-6,Ae_aegypti,AA-ZIKV,7dpi,head,GIM-26,GIM-6,116,4632,0,0,218,,,,AA-7dpi-ZIKV(-/-),AA-7dpi-ZIKV(-/+),AA-7dpi-ZIKV(-/-/+),AA-7dpi-ZIKV(-/+/+),AA-7dpi-ZIKV,AA-ZIKV(-),AA-7dpi-ZIKV(-),AA-7dpi-ZIKV(+)
AMT-7dpi-7,Ae_aegypti,AA-ZIKV,7dpi,head,GIM-27,GIM-7,1375,22924974,0,41755,0,,,,AA-7dpi-ZIKV(-/-),AA-7dpi-ZIKV(-/-),AA-7dpi-ZIKV(-/-/-),AA-7dpi-ZIKV(-/-/-),AA-7dpi-ZIKV,AA-ZIKV(-),AA-7dpi-ZIKV(-),AA-7dpi-ZIKV(-)
AMT-7dpi-8,Ae_aegypti,AA-ZIKV,7dpi,head,GIM-28,GIM-8,1497937,30493975,0,0,4110,,,,AA-7dpi-ZIKV(-/+),AA-7dpi-ZIKV(-/+),AA-7dpi-ZIKV(-/+/+),AA-7dpi-ZIKV(-/+/+),AA-7dpi-ZIKV,AA-ZIKV(-),AA-7dpi-ZIKV(+),AA-7dpi-ZIKV(+)
AMT-7dpi-9,Ae_aegypti,AA-ZIKV,7dpi,head,GIM-29,GIM-9,0,2201,0,9208,0,,,,AA-7dpi-ZIKV(-/-),AA-7dpi-ZIKV(-/-),AA-7dpi-ZIKV(-/-/+),AA-7dpi-ZIKV(-/-/+),AA-7dpi-ZIKV,AA-ZIKV(-),AA-7dpi-ZIKV(-),AA-7dpi-ZIKV(+)
AMT-7dpi-10,Ae_aegypti,AA-ZIKV,7dpi,head,GIM-30,GIM-10,282,4077,0,0,0,,,,AA-7dpi-ZIKV(-/-),AA-7dpi-ZIKV(-/-),AA-7dpi-ZIKV(-/-/-),AA-7dpi-ZIKV(-/-/-),AA-7dpi-ZIKV,AA-ZIKV(-),AA-7dpi-ZIKV(-),AA-7dpi-ZIKV(-)
AMT-7dpi-11,Ae_aegypti,AA-ZIKV,7dpi,head,GIM-31,GIM-11,0,2365,0,0,0,,,,AA-7dpi-ZIKV(-/-),AA-7dpi-ZIKV(-/-),AA-7dpi-ZIKV(-/-/-),AA-7dpi-ZIKV(-/-/-),AA-7dpi-ZIKV,AA-ZIKV(-),AA-7dpi-ZIKV(-),AA-7dpi-ZIKV(-)
AMT-7dpi-12,Ae_aegypti,AA-ZIKV,7dpi,head,GIM-32,GIM-12,174,30379,0,0,0,,,,AA-7dpi-ZIKV(-/-),AA-7dpi-ZIKV(-/-),AA-7dpi-ZIKV(-/-/-),AA-7dpi-ZIKV(-/-/-),AA-7dpi-ZIKV,AA-ZIKV(-),AA-7dpi-ZIKV(-),AA-7dpi-ZIKV(-)
AMT-7dpi-13,Ae_aegypti,AA-ZIKV,7dpi,head,GIM-33,GIM-13,0,3787,0,24025,0,,,,AA-7dpi-ZIKV(-/-),AA-7dpi-ZIKV(-/-),AA-7dpi-ZIKV(-/-/+),AA-7dpi-ZIKV(-/-/+),AA-7dpi-ZIKV,AA-ZIKV(-),AA-7dpi-ZIKV(-),AA-7dpi-ZIKV(+)
AMT-7dpi-14,Ae_aegypti,AA-ZIKV,7dpi,head,GIM-34,GIM-14,1817406,7367,0,0,0,,,,AA-7dpi-ZIKV(-/-),AA-7dpi-ZIKV(-/-),AA-7dpi-ZIKV(-/-/+),AA-7dpi-ZIKV(-/-/+),AA-7dpi-ZIKV,AA-ZIKV(-),AA-7dpi-ZIKV(-),AA-7dpi-ZIKV(+)
AMT-7dpi-15,Ae_aegypti,AA-ZIKV,7dpi,head,GIM-35,GIM-15,671,45212654,0,0,552,,,,AA-7dpi-ZIKV(-/-),AA-7dpi-ZIKV(-/+),AA-7dpi-ZIKV(-/-/-),AA-7dpi-ZIKV(-/+/+),AA-7dpi-ZIKV,AA-ZIKV(-),AA-7dpi-ZIKV(-),AA-7dpi-ZIKV(+)
AMT-7dpi-16,Ae_aegypti,AA-ZIKV,7dpi,head,GIM-36,GIM-16,1010263,43716293,0,0,0,,,,AA-7dpi-ZIKV(-/-),AA-7dpi-ZIKV(-/-),AA-7dpi-ZIKV(-/-/-),AA-7dpi-ZIKV(-/-/-),AA-7dpi-ZIKV,AA-ZIKV(-),AA-7dpi-ZIKV(-),AA-7dpi-ZIKV(-)
AMT-7dpi-17,Ae_aegypti,AA-ZIKV,7dpi,head,GIM-37,GIM-17,71,4151,0,0,0,,,,AA-7dpi-ZIKV(-/-),AA-7dpi-ZIKV(-/-),AA-7dpi-ZIKV(-/-/-),AA-7dpi-ZIKV(-/-/-),AA-7dpi-ZIKV,AA-ZIKV(-),AA-7dpi-ZIKV(-),AA-7dpi-ZIKV(-)
AMT-7dpi-18,Ae_aegypti,AA-ZIKV,7dpi,head,GIM-38,GIM-18,979,20465,0,8986,0,,,,AA-7dpi-ZIKV(-/-),AA-7dpi-ZIKV(-/-),AA-7dpi-ZIKV(-/-/+),AA-7dpi-ZIKV(-/-/+),AA-7dpi-ZIKV,AA-ZIKV(-),AA-7dpi-ZIKV(-),AA-7dpi-ZIKV(+)
AMT-7dpi-19,Ae_aegypti,AA-ZIKV,7dpi,head,GIM-39,GIM-19,0,13129993,692,10866,24700,,,,AA-7dpi-ZIKV(-/+),AA-7dpi-ZIKV(-/+),AA-7dpi-ZIKV(-/+/+),AA-7dpi-ZIKV(-/+/+),AA-7dpi-ZIKV,AA-ZIKV(-),AA-7dpi-ZIKV(+),AA-7dpi-ZIKV(+)
AMT-7dpi-20,Ae_aegypti,AA-ZIKV,7dpi,head,GIM-40,GIM-20,73,64888889,463,0,0,,,,AA-7dpi-ZIKV(-/-),AA-7dpi-ZIKV(-/-),AA-7dpi-ZIKV(-/-/-),AA-7dpi-ZIKV(-/-/-),AA-7dpi-ZIKV,AA-ZIKV(-),AA-7dpi-ZIKV(-),AA-7dpi-ZIKV(-)
AMT-7dpi-22,Ae_aegypti,AA-ZIKV,7dpi,head,GIM-572,GIM-556,2455,3360,0,2321929,0,,,,AA-7dpi-ZIKV(-/-),AA-7dpi-ZIKV(-/-),AA-7dpi-ZIKV(-/-/-),AA-7dpi-ZIKV(-/-/-),AA-7dpi-ZIKV,AA-ZIKV(-),AA-7dpi-ZIKV(-),AA-7dpi-ZIKV(-)
AMT-7dpi-23,Ae_aegypti,AA-ZIKV,7dpi,head,GIM-573,GIM-557,884,27183,0,0,0,,,,AA-7dpi-ZIKV(-/-),AA-7dpi-ZIKV(-/-),AA-7dpi-ZIKV(-/-/-),AA-7dpi-ZIKV(-/-/-),AA-7dpi-ZIKV,AA-ZIKV(-),AA-7dpi-ZIKV(-),AA-7dpi-ZIKV(-)
AMT-7dpi-24,Ae_aegypti,AA-ZIKV,7dpi,head,GIM-574,GIM-558,12695397,4477,0,0,0,,,,AA-7dpi-ZIKV(-/-),AA-7dpi-ZIKV(-/-),AA-7dpi-ZIKV(-/-/-),AA-7dpi-ZIKV(-/-/-),AA-7dpi-ZIKV,AA-ZIKV(-),AA-7dpi-ZIKV(-),AA-7dpi-ZIKV(-)
AMT-7dpi-25,Ae_aegypti,AA-ZIKV,7dpi,head,GIM-575,GIM-559,5222,4529,0,0,265,,,,AA-7dpi-ZIKV(-/-),AA-7dpi-ZIKV(-/+),AA-7dpi-ZIKV(-/-/+),AA-7dpi-ZIKV(-/+/+),AA-7dpi-ZIKV,AA-ZIKV(-),AA-7dpi-ZIKV(-),AA-7dpi-ZIKV(+)
AMT-7dpi-26,Ae_aegypti,AA-ZIKV,7dpi,head,GIM-576,GIM-560,2107,10840,0,0,0,,,,AA-7dpi-ZIKV(-/-),AA-7dpi-ZIKV(-/-),AA-7dpi-ZIKV(-/-/-),AA-7dpi-ZIKV(-/-/-),AA-7dpi-ZIKV,AA-ZIKV(-),AA-7dpi-ZIKV(-),AA-7dpi-ZIKV(-)
AMT-7dpi-27,Ae_aegypti,AA-ZIKV,7dpi,head,GIM-577,GIM-561,9397080,46000000,497,0,6727,,,,AA-7dpi-ZIKV(-/+),AA-7dpi-ZIKV(-/+),AA-7dpi-ZIKV(-/+/+),AA-7dpi-ZIKV(-/+/+),AA-7dpi-ZIKV,AA-ZIKV(-),AA-7dpi-ZIKV(+),AA-7dpi-ZIKV(+)
AMT-7dpi-28,Ae_aegypti,AA-ZIKV,7dpi,head,GIM-578,GIM-562,13335993,2972,436,0,0,,,,AA-7dpi-ZIKV(-/-),AA-7dpi-ZIKV(-/-),AA-7dpi-ZIKV(-/-/-),AA-7dpi-ZIKV(-/-/-),AA-7dpi-ZIKV,AA-ZIKV(-),AA-7dpi-ZIKV(-),AA-7dpi-ZIKV(-)
AMT-7dpi-30,Ae_aegypti,AA-ZIKV,7dpi,head,GIM-580,GIM-564,145,2748,141,0,0,,,,AA-7dpi-ZIKV(-/-),AA-7dpi-ZIKV(-/-),AA-7dpi-ZIKV(-/-/-),AA-7dpi-ZIKV(-/-/-),AA-7dpi-ZIKV,AA-ZIKV(-),AA-7dpi-ZIKV(-),AA-7dpi-ZIKV(-)
AMT-7dpi-31,Ae_aegypti,AA-ZIKV,7dpi,head,GIM-581,GIM-565,14102438,21036,745,0,0,,,,AA-7dpi-ZIKV(-/-),AA-7dpi-ZIKV(-/-),AA-7dpi-ZIKV(-/-/-),AA-7dpi-ZIKV(-/-/-),AA-7dpi-ZIKV,AA-ZIKV(-),AA-7dpi-ZIKV(-),AA-7dpi-ZIKV(-)
AMT-7dpi-32,Ae_aegypti,AA-ZIKV,7dpi,head,GIM-582,GIM-566,18031848,16524059,222,0,0,,,,AA-7dpi-ZIKV(-/-),AA-7dpi-ZIKV(-/-),AA-7dpi-ZIKV(-/-/-),AA-7dpi-ZIKV(-/-/-),AA-7dpi-ZIKV,AA-ZIKV(-),AA-7dpi-ZIKV(-),AA-7dpi-ZIKV(-)
AMT-7dpi-33,Ae_aegypti,AA-ZIKV,7dpi,head,GIM-583,GIM-567,1631626,126934,445,0,0,,,,AA-7dpi-ZIKV(-/-),AA-7dpi-ZIKV(-/-),AA-7dpi-ZIKV(-/-/-),AA-7dpi-ZIKV(-/-/-),AA-7dpi-ZIKV,AA-ZIKV(-),AA-7dpi-ZIKV(-),AA-7dpi-ZIKV(-)
AMT-7dpi-35,Ae_aegypti,AA-ZIKV,7dpi,head,GIM-585,GIM-569,8653,57597,0,790146,0,,,,AA-7dpi-ZIKV(-/-),AA-7dpi-ZIKV(-/-),AA-7dpi-ZIKV(-/-/-),AA-7dpi-ZIKV(-/-/-),AA-7dpi-ZIKV,AA-ZIKV(-),AA-7dpi-ZIKV(-),AA-7dpi-ZIKV(-)
AMT-7dpi-36,Ae_aegypti,AA-ZIKV,7dpi,head,GIM-586,GIM-570,1191,752198,273,0,0,,,,AA-7dpi-ZIKV(-/-),AA-7dpi-ZIKV(-/-),AA-7dpi-ZIKV(-/-/-),AA-7dpi-ZIKV(-/-/-),AA-7dpi-ZIKV,AA-ZIKV(-),AA-7dpi-ZIKV(-),AA-7dpi-ZIKV(-)
AMT-21dpi-1,Ae_aegypti,AA-ZIKV,21dpi,head,GIM-81,GIM-61,,,,,,,,,,,,,AA-21dpi-ZIKV,AA-ZIKV(-),,AA-21dpi-ZIKV(-)
AMT-21dpi-2,Ae_aegypti,AA-ZIKV,21dpi,head,GIM-82,GIM-62,0,6391,633,43158,553268,,,,AA-21dpi-ZIKV(-/+),AA-21dpi-ZIKV(-/+),AA-21dpi-ZIKV(-/+/+),AA-21dpi-ZIKV(-/+/+),AA-21dpi-ZIKV,AA-ZIKV(-),AA-21dpi-ZIKV(+),AA-21dpi-ZIKV(+)
AMT-21dpi-3,Ae_aegypti,AA-ZIKV,21dpi,head,GIM-83,GIM-63,695134,17451,574,0,0,,,,AA-21dpi-ZIKV(-/-),AA-21dpi-ZIKV(-/-),AA-21dpi-ZIKV(-/-/-),AA-21dpi-ZIKV(-/-/+),AA-21dpi-ZIKV,AA-ZIKV(-),AA-21dpi-ZIKV(-),AA-21dpi-ZIKV(-)
AMT-21dpi-4,Ae_aegypti,AA-ZIKV,21dpi,head,GIM-84,GIM-64,8362,81142857,652,38855,0,,,,AA-21dpi-ZIKV(-/-),AA-21dpi-ZIKV(-/-),AA-21dpi-ZIKV(-/-/-),AA-21dpi-ZIKV(-/-/+),AA-21dpi-ZIKV,AA-ZIKV(-),AA-21dpi-ZIKV(-),AA-21dpi-ZIKV(-)
AMT-21dpi-5,Ae_aegypti,AA-ZIKV,21dpi,head,GIM-85,GIM-65,21608,534,0,0,0,,,,AA-21dpi-ZIKV(-/-),AA-21dpi-ZIKV(-/-),AA-21dpi-ZIKV(-/-/-),AA-21dpi-ZIKV(-/-/-),AA-21dpi-ZIKV,AA-ZIKV(-),AA-21dpi-ZIKV(-),AA-21dpi-ZIKV(-)
AMT-21dpi-6,Ae_aegypti,AA-ZIKV,21dpi,head,GIM-86,GIM-66,0,19884,188505,0,260887,,,,AA-21dpi-ZIKV(-/+),AA-21dpi-ZIKV(-/+),AA-21dpi-ZIKV(-/+/+),AA-21dpi-ZIKV(-/+/+),AA-21dpi-ZIKV,AA-ZIKV(-),AA-21dpi-ZIKV(+),AA-21dpi-ZIKV(+)
AMT-21dpi-7,Ae_aegypti,AA-ZIKV,21dpi,head,GIM-87,GIM-67,887140,4605,678,0,4256856,,,,AA-21dpi-ZIKV(+/+),AA-21dpi-ZIKV(+/+),AA-21dpi-ZIKV(+/+/+),AA-21dpi-ZIKV(+/+/+),AA-21dpi-ZIKV,AA-ZIKV(+),AA-21dpi-ZIKV(+),AA-21dpi-ZIKV(+)
AMT-21dpi-8,Ae_aegypti,AA-ZIKV,21dpi,head,GIM-88,GIM-68,646600,160,903,24027,0,,,,AA-21dpi-ZIKV(-/-),AA-21dpi-ZIKV(-/-),AA-21dpi-ZIKV(-/-/-),AA-21dpi-ZIKV(-/-/+),AA-21dpi-ZIKV,AA-ZIKV(-),AA-21dpi-ZIKV(-),AA-21dpi-ZIKV(-)
AMT-21dpi-9,Ae_aegypti,AA-ZIKV,21dpi,head,GIM-89,GIM-69,1323064,23145275,687,0,0,,,,AA-21dpi-ZIKV(-/-),AA-21dpi-ZIKV(-/-),AA-21dpi-ZIKV(-/-/-),AA-21dpi-ZIKV(-/-/-),AA-21dpi-ZIKV,AA-ZIKV(-),AA-21dpi-ZIKV(-),AA-21dpi-ZIKV(-)
AMT-21dpi-10,Ae_aegypti,AA-ZIKV,21dpi,head,GIM-90,GIM-70,16,4099,658,23576,0,,,,AA-21dpi-ZIKV(-/-),AA-21dpi-ZIKV(-/-),AA-21dpi-ZIKV(-/-/-),AA-21dpi-ZIKV(-/-/-),AA-21dpi-ZIKV,AA-ZIKV(-),AA-21dpi-ZIKV(-),AA-21dpi-ZIKV(-)
AMT-21dpi-11,Ae_aegypti,AA-ZIKV,21dpi,head,GIM-91,GIM-71,0,6897,828,0,0,,,,AA-21dpi-ZIKV(-/-),AA-21dpi-ZIKV(-/-),AA-21dpi-ZIKV(-/-/-),AA-21dpi-ZIKV(-/-/-),AA-21dpi-ZIKV,AA-ZIKV(-),AA-21dpi-ZIKV(-),AA-21dpi-ZIKV(-)
AMT-21dpi-12,Ae_aegypti,AA-ZIKV,21dpi,head,GIM-92,GIM-72,481,1244,928,50810,0,,,,AA-21dpi-ZIKV(-/-),AA-21dpi-ZIKV(-/-),AA-21dpi-ZIKV(-/-/-),AA-21dpi-ZIKV(-/-/+),AA-21dpi-ZIKV,AA-ZIKV(-),AA-21dpi-ZIKV(-),AA-21dpi-ZIKV(-)
AMT-21dpi-13,Ae_aegypti,AA-ZIKV,21dpi,head,GIM-93,GIM-73,85,39238095,763,27375,767199,,,,AA-21dpi-ZIKV(-/+),AA-21dpi-ZIKV(-/+),AA-21dpi-ZIKV(-/+/+),AA-21dpi-ZIKV(-/+/+),AA-21dpi-ZIKV,AA-ZIKV(-),AA-21dpi-ZIKV(+),AA-21dpi-ZIKV(+)
AMT-21dpi-14,Ae_aegypti,AA-ZIKV,21dpi,head,GIM-94,GIM-74,1150526,649,0,0,187914,,,,AA-21dpi-ZIKV(-/+),AA-21dpi-ZIKV(-/+),AA-21dpi-ZIKV(-/+/+),AA-21dpi-ZIKV(-/+/+),AA-21dpi-ZIKV,AA-ZIKV(-),AA-21dpi-ZIKV(+),AA-21dpi-ZIKV(+)
AMT-21dpi-15,Ae_aegypti,AA-ZIKV,21dpi,head,GIM-95,GIM-75,4998,1591915,600,29719,194,,,,AA-21dpi-ZIKV(-/-),AA-21dpi-ZIKV(-/+),AA-21dpi-ZIKV(-/-/-),AA-21dpi-ZIKV(-/+/+),AA-21dpi-ZIKV,AA-ZIKV(-),AA-21dpi-ZIKV(-),AA-21dpi-ZIKV(-)
AMT-21dpi-16,Ae_aegypti,AA-ZIKV,21dpi,head,GIM-96,GIM-76,0,10003,374,18516,0,,,,AA-21dpi-ZIKV(-/-),AA-21dpi-ZIKV(-/-),AA-21dpi-ZIKV(-/-/-),AA-21dpi-ZIKV(-/-/-),AA-21dpi-ZIKV,AA-ZIKV(-),AA-21dpi-ZIKV(-),AA-21dpi-ZIKV(-)
AMT-21dpi-17,Ae_aegypti,AA-ZIKV,21dpi,head,GIM-97,GIM-77,0,208,0,13673,1614828,,,,AA-21dpi-ZIKV(+/+),AA-21dpi-ZIKV(+/+),AA-21dpi-ZIKV(+/+/+),AA-21dpi-ZIKV(+/+/+),AA-21dpi-ZIKV,AA-ZIKV(+),AA-21dpi-ZIKV(+),AA-21dpi-ZIKV(+)
AMT-21dpi-18,Ae_aegypti,AA-ZIKV,21dpi,head,GIM-98,GIM-78,587,33439,0,0,841132,,,,AA-21dpi-ZIKV(-/+),AA-21dpi-ZIKV(-/+),AA-21dpi-ZIKV(-/+/+),AA-21dpi-ZIKV(-/+/+),AA-21dpi-ZIKV,AA-ZIKV(-),AA-21dpi-ZIKV(+),AA-21dpi-ZIKV(+)
AMT-21dpi-19,Ae_aegypti,AA-ZIKV,21dpi,head,GIM-99,GIM-79,14,5668,0,0,0,,,,AA-21dpi-ZIKV(-/-),AA-21dpi-ZIKV(-/-),AA-21dpi-ZIKV(-/-/+),AA-21dpi-ZIKV(-/-/+),AA-21dpi-ZIKV,AA-ZIKV(-),AA-21dpi-ZIKV(-),AA-21dpi-ZIKV(+)
AMT-21dpi-20,Ae_aegypti,AA-ZIKV,21dpi,head,GIM-100,GIM-80,13,194,432,25927,0,,,,AA-21dpi-ZIKV(-/-),AA-21dpi-ZIKV(-/-),AA-21dpi-ZIKV(-/-/-),AA-21dpi-ZIKV(-/-/-),AA-21dpi-ZIKV,AA-ZIKV(-),AA-21dpi-ZIKV(-),AA-21dpi-ZIKV(-)
AMT-21dpi-21,Ae_aegypti,AA-ZIKV,21dpi,head,GIM-608,GIM-587,48666667,1225,1005,0,90,,,,AA-21dpi-ZIKV(-/-),AA-21dpi-ZIKV(-/+),AA-21dpi-ZIKV(-/-/-),AA-21dpi-ZIKV(-/+/-),AA-21dpi-ZIKV,AA-ZIKV(-),AA-21dpi-ZIKV(-),AA-21dpi-ZIKV(-)
AMT-21dpi-22,Ae_aegypti,AA-ZIKV,21dpi,head,GIM-609,GIM-588,127,1194,395,12738895,573194,,,,AA-21dpi-ZIKV(-/+),AA-21dpi-ZIKV(-/+),AA-21dpi-ZIKV(-/+/+),AA-21dpi-ZIKV(-/+/+),AA-21dpi-ZIKV,AA-ZIKV(-),AA-21dpi-ZIKV(+),AA-21dpi-ZIKV(+)
AMT-21dpi-23,Ae_aegypti,AA-ZIKV,21dpi,head,GIM-610,GIM-589,12276,8059,0,0,1568719,,,,AA-21dpi-ZIKV(-/+),AA-21dpi-ZIKV(-/+),AA-21dpi-ZIKV(-/+/+),AA-21dpi-ZIKV(-/+/+),AA-21dpi-ZIKV,AA-ZIKV(-),AA-21dpi-ZIKV(+),AA-21dpi-ZIKV(+)
AMT-21dpi-24,Ae_aegypti,AA-ZIKV,21dpi,head,GIM-611,GIM-590,30720419,29913283,582,0,410967,,,,AA-21dpi-ZIKV(-/+),AA-21dpi-ZIKV(-/+),AA-21dpi-ZIKV(-/+/+),AA-21dpi-ZIKV(-/+/+),AA-21dpi-ZIKV,AA-ZIKV(-),AA-21dpi-ZIKV(+),AA-21dpi-ZIKV(+)
AMT-21dpi-25,Ae_aegypti,AA-ZIKV,21dpi,head,GIM-612,GIM-591,59466667,100666667,0,0,0,,,,AA-21dpi-ZIKV(-/-),AA-21dpi-ZIKV(-/-),AA-21dpi-ZIKV(-/-/-),AA-21dpi-ZIKV(-/-/-),AA-21dpi-ZIKV,AA-ZIKV(-),AA-21dpi-ZIKV(-),AA-21dpi-ZIKV(-)
AMT-21dpi-26,Ae_aegypti,AA-ZIKV,21dpi,head,GIM-613,GIM-592,3248,3496,474,0,0,,,,AA-21dpi-ZIKV(-/-),AA-21dpi-ZIKV(-/-),AA-21dpi-ZIKV(-/-/-),AA-21dpi-ZIKV(-/-/-),AA-21dpi-ZIKV,AA-ZIKV(-),AA-21dpi-ZIKV(-),AA-21dpi-ZIKV(-)
AMT-21dpi-27,Ae_aegypti,AA-ZIKV,21dpi,head,GIM-614,GIM-593,3984,19119,300,0,2577173,,,,AA-21dpi-ZIKV(-/+),AA-21dpi-ZIKV(-/+),AA-21dpi-ZIKV(-/+/+),AA-21dpi-ZIKV(-/+/+),AA-21dpi-ZIKV,AA-ZIKV(-),AA-21dpi-ZIKV(+),AA-21dpi-ZIKV(+)
AMT-21dpi-28,Ae_aegypti,AA-ZIKV,21dpi,head,GIM-615,GIM-594,83066667,1043,147501,0,1117817,,,,AA-21dpi-ZIKV(-/+),AA-21dpi-ZIKV(-/+),AA-21dpi-ZIKV(-/+/+),AA-21dpi-ZIKV(-/+/+),AA-21dpi-ZIKV,AA-ZIKV(-),AA-21dpi-ZIKV(+),AA-21dpi-ZIKV(+)
AMT-21dpi-29,Ae_aegypti,AA-ZIKV,21dpi,head,GIM-616,GIM-595,2285,864806,276,0,368967,,,,AA-21dpi-ZIKV(+/+),AA-21dpi-ZIKV(+/+),AA-21dpi-ZIKV(+/+/+),AA-21dpi-ZIKV(+/+/+),AA-21dpi-ZIKV,AA-ZIKV(+),AA-21dpi-ZIKV(+),AA-21dpi-ZIKV(+)
AMT-21dpi-30,Ae_aegypti,AA-ZIKV,21dpi,head,GIM-617,GIM-596,18985024,1271,375,0,770895,,,,AA-21dpi-ZIKV(-/+),AA-21dpi-ZIKV(-/+),AA-21dpi-ZIKV(-/+/+),AA-21dpi-ZIKV(-/+/+),AA-21dpi-ZIKV,AA-ZIKV(-),AA-21dpi-ZIKV(+),AA-21dpi-ZIKV(+)
AMT-21dpi-31,Ae_aegypti,AA-ZIKV,21dpi,head,GIM-618,GIM-597,6060,81851,553,0,0,,,,AA-21dpi-ZIKV(-/-),AA-21dpi-ZIKV(-/-),AA-21dpi-ZIKV(-/-/-),AA-21dpi-ZIKV(-/-/-),AA-21dpi-ZIKV,AA-ZIKV(-),AA-21dpi-ZIKV(-),AA-21dpi-ZIKV(-)
AMT-21dpi-32,Ae_aegypti,AA-ZIKV,21dpi,head,GIM-619,GIM-598,35600000,15815,503,144,0,,,,AA-21dpi-ZIKV(-/-),AA-21dpi-ZIKV(-/-),AA-21dpi-ZIKV(-/-/-),AA-21dpi-ZIKV(-/-/-),AA-21dpi-ZIKV,AA-ZIKV(-),AA-21dpi-ZIKV(-),AA-21dpi-ZIKV(-)
AMT-21dpi-33,Ae_aegypti,AA-ZIKV,21dpi,head,GIM-620,GIM-599,5219,14218,619,0,0,,,,AA-21dpi-ZIKV(-/-),AA-21dpi-ZIKV(-/-),AA-21dpi-ZIKV(-/-/-),AA-21dpi-ZIKV(-/-/+),AA-21dpi-ZIKV,AA-ZIKV(-),AA-21dpi-ZIKV(-),AA-21dpi-ZIKV(-)
AMT-21dpi-34,Ae_aegypti,AA-ZIKV,21dpi,head,GIM-621,GIM-600,289,2961,0,63,1329807,,,,AA-21dpi-ZIKV(+/+),AA-21dpi-ZIKV(+/+),AA-21dpi-ZIKV(+/+/+),AA-21dpi-ZIKV(+/+/+),AA-21dpi-ZIKV,AA-ZIKV(+),AA-21dpi-ZIKV(+),AA-21dpi-ZIKV(+)
AMT-21dpi-35,Ae_aegypti,AA-ZIKV,21dpi,head,GIM-622,GIM-601,636,1183,511,0,265488,,,,AA-21dpi-ZIKV(-/+),AA-21dpi-ZIKV(-/+),AA-21dpi-ZIKV(-/+/+),AA-21dpi-ZIKV(-/+/+),AA-21dpi-ZIKV,AA-ZIKV(-),AA-21dpi-ZIKV(+),AA-21dpi-ZIKV(+)
AMT-21dpi-36,Ae_aegypti,AA-ZIKV,21dpi,head,GIM-623,GIM-602,4814,4165,0,359,0,,,,AA-21dpi-ZIKV(-/-),AA-21dpi-ZIKV(-/-),AA-21dpi-ZIKV(-/-/-),AA-21dpi-ZIKV(-/-/-),AA-21dpi-ZIKV,AA-ZIKV(-),AA-21dpi-ZIKV(-),AA-21dpi-ZIKV(-)
AMT-21dpi-37,Ae_aegypti,AA-ZIKV,21dpi,head,GIM-624,GIM-603,4024,68933333,581,0,14,,,,AA-21dpi-ZIKV(-/-),AA-21dpi-ZIKV(-/+),AA-21dpi-ZIKV(-/-/-),AA-21dpi-ZIKV(-/+/-),AA-21dpi-ZIKV,AA-ZIKV(-),AA-21dpi-ZIKV(-),AA-21dpi-ZIKV(-)
AMT-21dpi-38,Ae_aegypti,AA-ZIKV,21dpi,head,GIM-625,GIM-604,5186,4632778,549,5927152,714261,,,,AA-21dpi-ZIKV(+/+),AA-21dpi-ZIKV(+/+),AA-21dpi-ZIKV(+/+/+),AA-21dpi-ZIKV(+/+/+),AA-21dpi-ZIKV,AA-ZIKV(+),AA-21dpi-ZIKV(+),AA-21dpi-ZIKV(+)
AMT-21dpi-39,Ae_aegypti,AA-ZIKV,21dpi,head,GIM-626,GIM-605,86,32266667,0,0,0,,,,AA-21dpi-ZIKV(-/-),AA-21dpi-ZIKV(-/-),AA-21dpi-ZIKV(-/-/-),AA-21dpi-ZIKV(-/-/-),AA-21dpi-ZIKV,AA-ZIKV(-),AA-21dpi-ZIKV(-),AA-21dpi-ZIKV(-)
AMT-21dpi-40,Ae_aegypti,AA-ZIKV,21dpi,head,GIM-627,GIM-606,37333333,4543,303,0,54,,,,AA-21dpi-ZIKV(-/-),AA-21dpi-ZIKV(-/+),AA-21dpi-ZIKV(-/-/-),AA-21dpi-ZIKV(-/+/-),AA-21dpi-ZIKV,AA-ZIKV(-),AA-21dpi-ZIKV(-),AA-21dpi-ZIKV(-)
AMT-21dpi-41,Ae_aegypti,AA-ZIKV,21dpi,head,GIM-628,GIM-607,1754,1391,647,0,1763515,,,,AA-21dpi-ZIKV(-/+),AA-21dpi-ZIKV(-/+),AA-21dpi-ZIKV(-/+/+),AA-21dpi-ZIKV(-/+/+),AA-21dpi-ZIKV,AA-ZIKV(-),AA-21dpi-ZIKV(+),AA-21dpi-ZIKV(+)
AE-7dpi-7,Ae_aegypti,AA-blood,7dpi,head,GIM-257,GIM-247,,,,,,,,,AA-7dpi-blood,AA-7dpi-blood,AA-7dpi-blood,AA-7dpi-blood,AA-7dpi-blood,AA-blood,AA-7dpi-blood,AA-7dpi-blood
AE-7dpi-8,Ae_aegypti,AA-blood,7dpi,head,GIM-258,GIM-248,62,0,0,0,,,,,AA-7dpi-blood,AA-7dpi-blood,AA-7dpi-blood,AA-7dpi-blood,AA-7dpi-blood,AA-blood,AA-7dpi-blood,AA-7dpi-blood
AE-7dpi-9,Ae_aegypti,AA-blood,7dpi,head,GIM-259,GIM-249,10182336,0,183,11013667,,,,,AA-7dpi-blood,AA-7dpi-blood,AA-7dpi-blood,AA-7dpi-blood,AA-7dpi-blood,AA-blood,AA-7dpi-blood,AA-7dpi-blood
AE-7dpi-10,Ae_aegypti,AA-blood,7dpi,head,GIM-260,GIM-250,24786,0,0,0,,,,,AA-7dpi-blood,AA-7dpi-blood,AA-7dpi-blood,AA-7dpi-blood,AA-7dpi-blood,AA-blood,AA-7dpi-blood,AA-7dpi-blood
AE-7dpi-11,Ae_aegypti,AA-blood,7dpi,head,GIM-543,GIM-541,73,0,173,0,,,,,AA-7dpi-blood,AA-7dpi-blood,AA-7dpi-blood,AA-7dpi-blood,AA-7dpi-blood,AA-blood,AA-7dpi-blood,AA-7dpi-blood
AE-21dpi-4,Ae_aegypti,AA-blood,21dpi,head,GIM-284,GIM-274,719,0,0,0,,,,,AA-21dpi-blood,AA-21dpi-blood,AA-21dpi-blood,AA-21dpi-blood,AA-21dpi-blood,AA-blood,AA-21dpi-blood,AA-21dpi-blood
AE-21dpi-7,Ae_aegypti,AA-blood,21dpi,head,GIM-287,GIM-277,,,,,,,,,AA-21dpi-blood,AA-21dpi-blood,AA-21dpi-blood,AA-21dpi-blood,AA-21dpi-blood,AA-blood,AA-21dpi-blood,AA-21dpi-blood
AE-21dpi-8,Ae_aegypti,AA-blood,21dpi,head,GIM-288,GIM-278,1490230,0,0,0,,,,,AA-21dpi-blood,AA-21dpi-blood,AA-21dpi-blood,AA-21dpi-blood,AA-21dpi-blood,AA-blood,AA-21dpi-blood,AA-21dpi-blood
AE-21dpi-10,Ae_aegypti,AA-blood,21dpi,head,GIM-290,GIM-280,49904762,0,0,10340102,,,,,AA-21dpi-blood,AA-21dpi-blood,AA-21dpi-blood,AA-21dpi-blood,AA-21dpi-blood,AA-blood,AA-21dpi-blood,AA-21dpi-blood
AE-21dpi-11,Ae_aegypti,AA-blood,21dpi,head,GIM-546,GIM-545,591,0,0,0,,,,,AA-21dpi-blood,AA-21dpi-blood,AA-21dpi-blood,AA-21dpi-blood,AA-21dpi-blood,AA-blood,AA-21dpi-blood,AA-21dpi-blood
ANE-7dpi-7,Ae_aegypti,AA-sucrose,7dpi,head,GIM-317,GIM-307,,,,,,,,,AA-7dpi-sucrose,AA-7dpi-sucrose,AA-7dpi-sucrose,AA-7dpi-sucrose,AA-7dpi-sucrose,AA-sucrose,AA-7dpi-sucrose,AA-7dpi-sucrose
ANE-7dpi-8,Ae_aegypti,AA-sucrose,7dpi,head,GIM-318,GIM-308,146,169,428161,0,,,,,AA-7dpi-sucrose,AA-7dpi-sucrose,AA-7dpi-sucrose,AA-7dpi-sucrose,AA-7dpi-sucrose,AA-sucrose,AA-7dpi-sucrose,AA-7dpi-sucrose
ANE-7dpi-9,Ae_aegypti,AA-sucrose,7dpi,head,GIM-319,GIM-309,14192213,33,301,0,,,,,AA-7dpi-sucrose,AA-7dpi-sucrose,AA-7dpi-sucrose,AA-7dpi-sucrose,AA-7dpi-sucrose,AA-sucrose,AA-7dpi-sucrose,AA-7dpi-sucrose
ANE-7dpi-10,Ae_aegypti,AA-sucrose,7dpi,head,GIM-320,GIM-310,21333333,79,391,9583973,,,,,AA-7dpi-sucrose,AA-7dpi-sucrose,AA-7dpi-sucrose,AA-7dpi-sucrose,AA-7dpi-sucrose,AA-sucrose,AA-7dpi-sucrose,AA-7dpi-sucrose
ANE-7dpi-11,Ae_aegypti,AA-sucrose,7dpi,head,GIM-549,GIM-547,42,0,166041,0,,,,,AA-7dpi-sucrose,AA-7dpi-sucrose,AA-7dpi-sucrose,AA-7dpi-sucrose,AA-7dpi-sucrose,AA-sucrose,AA-7dpi-sucrose,AA-7dpi-sucrose
ANE-21dpi-7,Ae_aegypti,AA-sucrose,21dpi,head,GIM-347,GIM-337,,,,,,,,,AA-21dpi-sucrose,AA-21dpi-sucrose,AA-21dpi-sucrose,AA-21dpi-sucrose,AA-21dpi-sucrose,AA-sucrose,AA-21dpi-sucrose,AA-21dpi-sucrose
ANE-21dpi-9,Ae_aegypti,AA-sucrose,21dpi,head,GIM-349,GIM-339,189,437,0,0,,,,,AA-21dpi-sucrose,AA-21dpi-sucrose,AA-21dpi-sucrose,AA-21dpi-sucrose,AA-21dpi-sucrose,AA-sucrose,AA-21dpi-sucrose,AA-21dpi-sucrose
ANE-21dpi-10,Ae_aegypti,AA-sucrose,21dpi,head,GIM-350,GIM-340,336,69,421,3990878,,,,,AA-21dpi-sucrose,AA-21dpi-sucrose,AA-21dpi-sucrose,AA-21dpi-sucrose,AA-21dpi-sucrose,AA-sucrose,AA-21dpi-sucrose,AA-21dpi-sucrose
ANE-21dpi-11,Ae_aegypti,AA-sucrose,21dpi,head,GIM-553,GIM-551,24952381,255,143199,0,,,,,AA-21dpi-sucrose,AA-21dpi-sucrose,AA-21dpi-sucrose,AA-21dpi-sucrose,AA-21dpi-sucrose,AA-sucrose,AA-21dpi-sucrose,AA-21dpi-sucrose
ANE-21dpi-12,Ae_aegypti,AA-sucrose,21dpi,head,GIM-554,GIM-552,21714286,50666667,0,0,,,,,AA-21dpi-sucrose,AA-21dpi-sucrose,AA-21dpi-sucrose,AA-21dpi-sucrose,AA-21dpi-sucrose,AA-sucrose,AA-21dpi-sucrose,AA-21dpi-sucrose
CWV-7dpi-1,Cx_quinquefasciatus,CQ-WNV,7dpi,head,GIM-381,GIM-361,,,,,,2011,0,0,WNV(-),,,7dpi-WNV(-/+),CQ-7dpi-WNV,7dpi-WNV(-),,
CWV-7dpi-2,Cx_quinquefasciatus,CQ-WNV,7dpi,head,GIM-382,GIM-362,,,,,,0,0,0,WNV(-),,,7dpi-WNV(-/+),CQ-7dpi-WNV,7dpi-WNV(-),,
CWV-7dpi-3,Cx_quinquefasciatus,CQ-WNV,7dpi,head,GIM-383,GIM-363,,,,,,949,0,0,WNV(-),,,7dpi-WNV(-/+),CQ-7dpi-WNV,7dpi-WNV(-),,
CWV-7dpi-4,Cx_quinquefasciatus,CQ-WNV,7dpi,head,GIM-384,GIM-364,,,,,,61,0,0,WNV(-),,,7dpi-WNV(-/+),CQ-7dpi-WNV,7dpi-WNV(-),,
CWV-7dpi-5,Cx_quinquefasciatus,CQ-WNV,7dpi,head,GIM-385,GIM-365,,,,,,494,0,0,WNV(+),,,7dpi-WNV(+/),CQ-7dpi-WNV,7dpi-WNV(+),,
CWV-7dpi-6,Cx_quinquefasciatus,CQ-WNV,7dpi,head,GIM-386,GIM-366,,,,,,1275,0,0,WNV(-),,,7dpi-WNV(-/+),CQ-7dpi-WNV,7dpi-WNV(-),,
CWV-7dpi-7,Cx_quinquefasciatus,CQ-WNV,7dpi,head,GIM-387,GIM-367,,,,,,1468,0,0,WNV(+suspected),,,7dpi-WNV(+/),CQ-7dpi-WNV,7dpi-WNV(+),,
CWV-7dpi-8,Cx_quinquefasciatus,CQ-WNV,7dpi,head,GIM-388,GIM-368,,,,,,985,0,0,WNV(-),,,7dpi-WNV(-/+),CQ-7dpi-WNV,7dpi-WNV(-),,
CWV-7dpi-9,Cx_quinquefasciatus,CQ-WNV,7dpi,head,GIM-389,GIM-369,,,,,,1376,0,0,WNV(+suspected),,,7dpi-WNV(+/),CQ-7dpi-WNV,7dpi-WNV(+),,
CWV-7dpi-10,Cx_quinquefasciatus,CQ-WNV,7dpi,head,GIM-390,GIM-370,,,,,,2486,0,0,WNV(-),,,7dpi-WNV(-/+),CQ-7dpi-WNV,7dpi-WNV(-),,
CWV-7dpi-11,Cx_quinquefasciatus,CQ-WNV,7dpi,head,GIM-391,GIM-371,,,,,,3011,0,0,WNV(+suspected),,,7dpi-WNV(+/),CQ-7dpi-WNV,7dpi-WNV(+),,
CWV-7dpi-12,Cx_quinquefasciatus,CQ-WNV,7dpi,head,GIM-392,GIM-372,,,,,,1638,0,0,WNV(+),,,7dpi-WNV(+/),CQ-7dpi-WNV,7dpi-WNV(+),,
CWV-7dpi-13,Cx_quinquefasciatus,CQ-WNV,7dpi,head,GIM-393,GIM-373,,,,,,1547,0,0,WNV(-),,,7dpi-WNV(-/-),CQ-7dpi-WNV,7dpi-WNV(-),,
CWV-7dpi-14,Cx_quinquefasciatus,CQ-WNV,7dpi,head,GIM-394,GIM-374,,,,,,2595,0,0,WNV(-),,,7dpi-WNV(-/+),CQ-7dpi-WNV,7dpi-WNV(-),,
CWV-7dpi-15,Cx_quinquefasciatus,CQ-WNV,7dpi,head,GIM-395,GIM-375,,,,,,1953,9298693,0,WNV(-),,,7dpi-WNV(-/+),CQ-7dpi-WNV,7dpi-WNV(-),,
CWV-7dpi-16,Cx_quinquefasciatus,CQ-WNV,7dpi,head,GIM-396,GIM-376,,,,,,990,5232841,0,WNV(-),,,7dpi-WNV(-/-),CQ-7dpi-WNV,7dpi-WNV(-),,
CWV-7dpi-17,Cx_quinquefasciatus,CQ-WNV,7dpi,head,GIM-397,GIM-377,,,,,,547,0,0,WNV(-),,,7dpi-WNV(-/+),CQ-7dpi-WNV,7dpi-WNV(-),,
CWV-7dpi-18,Cx_quinquefasciatus,CQ-WNV,7dpi,head,GIM-398,GIM-378,,,,,,157,0,0,WNV(-),,,7dpi-WNV(-/-),CQ-7dpi-WNV,7dpi-WNV(-),,
CWV-7dpi-19,Cx_quinquefasciatus,CQ-WNV,7dpi,head,GIM-399,GIM-379,,,,,,2289,0,0,WNV(-),,,7dpi-WNV(-/-),CQ-7dpi-WNV,7dpi-WNV(-),,
CWV-7dpi-20,Cx_quinquefasciatus,CQ-WNV,7dpi,head,GIM-400,GIM-380,,,,,,1388,5389732,0,WNV(-),,,7dpi-WNV(-/+),CQ-7dpi-WNV,7dpi-WNV(-),,
CWV-14dpi-1,Cx_quinquefasciatus,CQ-WNV,14dpi,head,GIM-421,GIM-401,,,,,,1448,0,0,WNV(+suspected),,,14dpi-WNV(+/),CQ-14dpi-WNV,14dpi-WNV(+),,
CWV-14dpi-2,Cx_quinquefasciatus,CQ-WNV,14dpi,head,GIM-422,GIM-402,,,,,,7955,2604,0,WNV(-),,,14dpi-WNV(-/+),CQ-14dpi-WNV,14dpi-WNV(-),,
CWV-14dpi-3,Cx_quinquefasciatus,CQ-WNV,14dpi,head,GIM-423,GIM-403,,,,,,339093,4014508,0,WNV(-),,,14dpi-WNV(-/+),CQ-14dpi-WNV,14dpi-WNV(-),,
CWV-14dpi-4,Cx_quinquefasciatus,CQ-WNV,14dpi,head,GIM-424,GIM-404,,,,,,1508,2528261,0,WNV(-),,,14dpi-WNV(-/+),CQ-14dpi-WNV,14dpi-WNV(-),,
CWV-14dpi-5,Cx_quinquefasciatus,CQ-WNV,14dpi,head,GIM-425,GIM-405,,,,,,125513,7113850,0,WNV(-),,,14dpi-WNV(-/+),CQ-14dpi-WNV,14dpi-WNV(-),,
CWV-14dpi-6,Cx_quinquefasciatus,CQ-WNV,14dpi,head,GIM-426,GIM-406,,,,,,93296,5855119,0,WNV(-),,,14dpi-WNV(-/-),CQ-14dpi-WNV,14dpi-WNV(-),,
CWV-14dpi-7,Cx_quinquefasciatus,CQ-WNV,14dpi,head,GIM-427,GIM-407,,,,,,1617,26536,0,WNV(-),,,14dpi-WNV(-/-),CQ-14dpi-WNV,14dpi-WNV(-),,
CWV-14dpi-8,Cx_quinquefasciatus,CQ-WNV,14dpi,head,GIM-428,GIM-408,,,,,,789,0,0,WNV(+suspected),,,14dpi-WNV(+/),CQ-14dpi-WNV,14dpi-WNV(+),,
CWV-14dpi-9,Cx_quinquefasciatus,CQ-WNV,14dpi,head,GIM-429,GIM-409,,,,,,252,0,0,WNV(+),,,14dpi-WNV(+/),CQ-14dpi-WNV,14dpi-WNV(+),,
CWV-14dpi-10,Cx_quinquefasciatus,CQ-WNV,14dpi,head,GIM-430,GIM-410,,,,,,661,6864586,0,WNV(-),,,14dpi-WNV(-/-),CQ-14dpi-WNV,14dpi-WNV(-),,
CWV-14dpi-11,Cx_quinquefasciatus,CQ-WNV,14dpi,head,GIM-431,GIM-411,,,,,,1702,6790,0,WNV(-),,,14dpi-WNV(-/+),CQ-14dpi-WNV,14dpi-WNV(-),,
CWV-14dpi-12,Cx_quinquefasciatus,CQ-WNV,14dpi,head,GIM-432,GIM-412,,,,,,961,0,0,WNV(+suspected),,,14dpi-WNV(+/),CQ-14dpi-WNV,14dpi-WNV(+),,
CWV-14dpi-13,Cx_quinquefasciatus,CQ-WNV,14dpi,head,GIM-433,GIM-413,,,,,,1585,10994320,0,WNV(-),,,14dpi-WNV(-/-),CQ-14dpi-WNV,14dpi-WNV(-),,
CWV-14dpi-14,Cx_quinquefasciatus,CQ-WNV,14dpi,head,GIM-434,GIM-414,,,,,,1788,0,0,WNV(-),,,14dpi-WNV(-/+),CQ-14dpi-WNV,14dpi-WNV(-),,
CWV-14dpi-15,Cx_quinquefasciatus,CQ-WNV,14dpi,head,GIM-435,GIM-415,,,,,,1171,19117,2166,WNV(+suspected),,,14dpi-WNV(+/),CQ-14dpi-WNV,14dpi-WNV(+),,
CWV-14dpi-16,Cx_quinquefasciatus,CQ-WNV,14dpi,head,GIM-436,GIM-416,,,,,,0,0,0,WNV(-),,,14dpi-WNV(-/-),CQ-14dpi-WNV,14dpi-WNV(-),,
CWV-14dpi-17,Cx_quinquefasciatus,CQ-WNV,14dpi,head,GIM-437,GIM-417,,,,,,628,10556,0,WNV(-),,,14dpi-WNV(-/-),CQ-14dpi-WNV,14dpi-WNV(-),,
CWV-14dpi-18,Cx_quinquefasciatus,CQ-WNV,14dpi,head,GIM-438,GIM-418,,,,,,269,1934,0,WNV(-),,,14dpi-WNV(-/+),CQ-14dpi-WNV,14dpi-WNV(-),,
CWV-14dpi-19,Cx_quinquefasciatus,CQ-WNV,14dpi,head,GIM-439,GIM-419,,,,,,1190,6042,0,WNV(-),,,14dpi-WNV(-/-),CQ-14dpi-WNV,14dpi-WNV(-),,
CWV-14dpi-20,Cx_quinquefasciatus,CQ-WNV,14dpi,head,GIM-440,GIM-420,,,,,,834,7054149,0,WNV(-),,,14dpi-WNV(-/+),CQ-14dpi-WNV,14dpi-WNV(-),,
CE-7dpi-1,Cx_quinquefasciatus,CQ-blood,7dpi,head,GIM-451,GIM-441,,,,,,212,0,0,CQ-7dpi-blood,CQ-7dpi-blood,CQ-7dpi-blood,CQ-7dpi-blood,CQ-7dpi-blood,CQ-7dpi-blood,,
CE-7dpi-2,Cx_quinquefasciatus,CQ-blood,7dpi,head,GIM-452,GIM-442,,,,,,296,3567690,0,CQ-7dpi-blood,CQ-7dpi-blood,CQ-7dpi-blood,CQ-7dpi-blood,CQ-7dpi-blood,CQ-7dpi-blood,,
CE-7dpi-3,Cx_quinquefasciatus,CQ-blood,7dpi,head,GIM-453,GIM-443,,,,,,323,1841410,0,CQ-7dpi-blood,CQ-7dpi-blood,CQ-7dpi-blood,CQ-7dpi-blood,CQ-7dpi-blood,CQ-7dpi-blood,,
CE-7dpi-4,Cx_quinquefasciatus,CQ-blood,7dpi,head,GIM-454,GIM-444,,,,,,0,0,0,CQ-7dpi-blood,CQ-7dpi-blood,CQ-7dpi-blood,CQ-7dpi-blood,CQ-7dpi-blood,CQ-7dpi-blood,,
CE-7dpi-5,Cx_quinquefasciatus,CQ-blood,7dpi,head,GIM-455,GIM-445,,,,,,331,0,0,CQ-7dpi-blood,CQ-7dpi-blood,CQ-7dpi-blood,CQ-7dpi-blood,CQ-7dpi-blood,CQ-7dpi-blood,,
CE-14dpi-1,Cx_quinquefasciatus,CQ-blood,14dpi,head,GIM-471,GIM-461,,,,,,357,0,0,CQ-14dpi-blood,CQ-14dpi-blood,CQ-14dpi-blood,CQ-14dpi-blood,CQ-14dpi-blood,CQ-14dpi-blood,,
CE-14dpi-2,Cx_quinquefasciatus,CQ-blood,14dpi,head,GIM-472,GIM-462,,,,,,110,7307,0,CQ-14dpi-blood,CQ-14dpi-blood,CQ-14dpi-blood,CQ-14dpi-blood,CQ-14dpi-blood,CQ-14dpi-blood,,
CE-14dpi-3,Cx_quinquefasciatus,CQ-blood,14dpi,head,GIM-473,GIM-463,,,,,,265,2974363,0,CQ-14dpi-blood,CQ-14dpi-blood,CQ-14dpi-blood,CQ-14dpi-blood,CQ-14dpi-blood,CQ-14dpi-blood,,
CE-14dpi-5,Cx_quinquefasciatus,CQ-blood,14dpi,head,GIM-475,GIM-465,,,,,,38,0,0,CQ-14dpi-blood,CQ-14dpi-blood,CQ-14dpi-blood,CQ-14dpi-blood,CQ-14dpi-blood,CQ-14dpi-blood,,
CE-14dpi-6,Cx_quinquefasciatus,CQ-blood,14dpi,head,GIM-476,GIM-466,,,,,,124,1699,0,CQ-14dpi-blood,CQ-14dpi-blood,CQ-14dpi-blood,CQ-14dpi-blood,CQ-14dpi-blood,CQ-14dpi-blood,,
CNE-7dpi-1,Cx_quinquefasciatus,CQ-sucrose,7dpi,head,GIM-491,GIM-481,,,,,,85,0,0,CQ-7dpi-sucrose,CQ-7dpi-sucrose,CQ-7dpi-sucrose,CQ-7dpi-sucrose,CQ-7dpi-sucrose,CQ-7dpi-sucrose,,
CNE-7dpi-2,Cx_quinquefasciatus,CQ-sucrose,7dpi,head,GIM-492,GIM-482,,,,,,112,0,0,CQ-7dpi-sucrose,CQ-7dpi-sucrose,CQ-7dpi-sucrose,CQ-7dpi-sucrose,CQ-7dpi-sucrose,CQ-7dpi-sucrose,,
CNE-7dpi-3,Cx_quinquefasciatus,CQ-sucrose,7dpi,head,GIM-493,GIM-483,,,,,,61019,0,0,CQ-7dpi-sucrose,CQ-7dpi-sucrose,CQ-7dpi-sucrose,CQ-7dpi-sucrose,CQ-7dpi-sucrose,CQ-7dpi-sucrose,,
CNE-7dpi-4,Cx_quinquefasciatus,CQ-sucrose,7dpi,head,GIM-494,GIM-484,,,,,,68,4113043,0,CQ-7dpi-sucrose,CQ-7dpi-sucrose,CQ-7dpi-sucrose,CQ-7dpi-sucrose,CQ-7dpi-sucrose,CQ-7dpi-sucrose,,
CNE-7dpi-5,Cx_quinquefasciatus,CQ-sucrose,7dpi,head,GIM-495,GIM-485,,,,,,0,0,0,CQ-7dpi-sucrose,CQ-7dpi-sucrose,CQ-7dpi-sucrose,CQ-7dpi-sucrose,CQ-7dpi-sucrose,CQ-7dpi-sucrose,,
CNE-14dpi-5,Cx_quinquefasciatus,CQ-sucrose,14dpi,head,GIM-525,GIM-515,,,,,,18,6463,0,CQ-14dpi-sucrose,CQ-14dpi-sucrose,CQ-14dpi-sucrose,CQ-14dpi-sucrose,CQ-14dpi-sucrose,CQ-14dpi-sucrose,,
CNE-14dpi-7,Cx_quinquefasciatus,CQ-sucrose,14dpi,head,GIM-527,GIM-517,,,,,,116,0,0,CQ-14dpi-sucrose,CQ-14dpi-sucrose,CQ-14dpi-sucrose,CQ-14dpi-sucrose,CQ-14dpi-sucrose,CQ-14dpi-sucrose,,
CNE-14dpi-8,Cx_quinquefasciatus,CQ-sucrose,14dpi,head,GIM-528,GIM-518,,,,,,120,0,0,CQ-14dpi-sucrose,CQ-14dpi-sucrose,CQ-14dpi-sucrose,CQ-14dpi-sucrose,CQ-14dpi-sucrose,CQ-14dpi-sucrose,,
CNE-14dpi-9,Cx_quinquefasciatus,CQ-sucrose,14dpi,head,GIM-529,GIM-519,,,,,,216,0,0,CQ-14dpi-sucrose,CQ-14dpi-sucrose,CQ-14dpi-sucrose,CQ-14dpi-sucrose,CQ-14dpi-sucrose,CQ-14dpi-sucrose,,
CNE-14dpi-10,Cx_quinquefasciatus,CQ-sucrose,14dpi,head,GIM-530,GIM-520,,,,,,90,271,0,CQ-14dpi-sucrose,CQ-14dpi-sucrose,CQ-14dpi-sucrose,CQ-14dpi-sucrose,CQ-14dpi-sucrose,CQ-14dpi-sucrose,,